"b'Found this hiest hub in Whitefield Bangalore, Maybe professor doing plan of hiesting Mansions house full bottel \xf0\x9f\xa4\xa3\xf0\x9f\xa4\xa3\xf0\x9f\xa4\xa3 https://t.co/Kw1ftion1Z'",b'\xe0\xb2\xac \xe0\xb2\x97\xe0\xb3\x81\xe0\xb2\xb0 \xe0\xb2\xb9\xe0\xb3\x8a\xe0\xb2\xa1\xe0\xb2\xbf!! Go to https://t.co/3IuFQn0PAU &amp Pre-order now!!! Shipping starts from Dec 1st!! #newlaunch https://t.co/na7NsSDew7'

b'RT In #IPL2020 #ViratKohli was the most tweeted about Player..',"b""RT Hope it was a fantastic birthday but you're certainly not getting any older \xf0\x9f\xa4\x94 was great catching up with y\xe2\x80\xa6""",b'RT The Top 3 Hashtags of IPL 2020.. 1 #IPL2020 2 #WhistlePodu 3 #CSK',"b""RT Hope it was a fantastic birthday but you're certainly not getting any older \xf0\x9f\xa4\x94 was great catching up with y\xe2\x80\xa6""",b'RT Where was Van Der Dussen in #IPL2020 ?? must keep eye on him for #IPL2021 #SAvENG',"b""RT Hope it was a fantastic birthday but you're certainly not getting any older \xf0\x9f\xa4\x94 was great catching up with y\xe2\x80\xa6""","b""RT Hope it was a fantastic birthday but you're certainly not getting any older \xf0\x9f\xa4\x94 was great catching up with y\xe2\x80\xa6""","b""RT Hope it was a fantastic birthday but you're certainly not getting any older \xf0\x9f\xa4\x94 was great catching up with y\xe2\x80\xa6""",b'Where was Van Der Dussen in #IPL2020 ?? must keep eye on him for #IPL2021 #SAvENG',"b""RT Hope it was a fantastic birthday but you're certainly not getting any older \xf0\x9f\xa4\x94 was great catching up with y\xe2\x80\xa6""","b""RT Hope it was a fantastic birthday but you're certainly not getting any older \xf0\x9f\xa4\x94 was great catching up with y\xe2\x80\xa6""","b""RT Hope it was a fantastic birthday but you're certainly not getting any older \xf0\x9f\xa4\x94 was great catching up with y\xe2\x80\xa6""","b""RT Hope it was a fantastic birthday but you're certainly not getting any older \xf0\x9f\xa4\x94 was great catching up with y\xe2\x80\xa6""",b'RCB had the RTM Card but they did not use it on KL Rahul \xe2\x80\xa2The Images/Photos Used in this Post Belongs to Respecti https://t.co/fOQ9z64kMl',"b""Hope it was a fantastic birthday but you're certainly not getting any older \xf0\x9f\xa4\x94 was great catching up https://t.co/DB9qZFOf0Y""",b'RT The Top 3 Tweeted about Teams of #IPL2020 1 #CSK 2 #RCB 3 #MI',"b""RT #IPL2020 is over &amp we loved making our #Dream11 teams based on pure performance On Deshbhakt's new episode we wonder w\xe2\x80\xa6""",b'RT Just 4 Days More For #Gabbar Bday Most 4\xef\xb8\x8f\xe2\x83\xa3s hit by any batsman in #IPL2020 #HappyBirthdayDhawan https://t.co/sflTp44hlO',"b""RT #IPL2020 is over &amp we loved making our #Dream11 teams based on pure performance On Deshbhakt's new episode we wonder w\xe2\x80\xa6""","b""RT #IPL2020 is over &amp we loved making our #Dream11 teams based on pure performance On Deshbhakt's new episode we wonder w\xe2\x80\xa6""",b'RT The Top 3 Tweeted about Teams of #IPL2020 1 #CSK 2 #RCB 3 #MI',b'RT The Top 3 Tweeted about Teams of #IPL2020 1 #CSK 2 #RCB 3 #MI',b'RT In #IPL2020 #ViratKohli was the most tweeted about Player..',"b""RT #IPL2020 is over &amp we loved making our #Dream11 teams based on pure performance On Deshbhakt's new episode we wonder w\xe2\x80\xa6""",b'RT #SAvENG why SA not included kagiso rabada for third t20 rabada is highest wickettaker in ipl2020',b'RT Ind need to stop Australia include t natarajan in playing 11 who bowled most Yorkers in Ipl2020#ausvsind',b'RT The Top 3 Tweeted about Teams of #IPL2020 1 #CSK 2 #RCB 3 #MI',b'RT Just more excuses from you guys for ur flop show. blaming #IPL2020 like there was no covid19.. Top three au\xe2\x80\xa6',b'Chill with Bingo! #ChillwithBing #MatchStartBingoStart #IPL2020 #IPL2020UAE #Cricket https://t.co/ipcXO2qGns',b'RT In #IPL2020 #ViratKohli was the most tweeted about Player..',b'RT In #IPL2020 #ViratKohli was the most tweeted about Player..',b'#SAvENG why SA not included kagiso rabada for third t20 rabada is highest wickettaker in ipl2020',"b""RT #IPL2020 is over &amp we loved making our #Dream11 teams based on pure performance On Deshbhakt's new episode we wonder w\xe2\x80\xa6""",b'Ind need to stop Australia include t natarajan in playing 11 who bowled most Yorkers in Ipl2020#ausvsind',b'RT This photo was taken post our game after all the noise died down Sharjah had a beautiful stadium I\xe2\x80\x99d like to thank e\xe2\x80\xa6',b'#YahooIndiaYearInReview From announcing his international retirement to making a comeback on the field after more https://t.co/edJ9qvypDU',b'RT The Top 3 Hashtags of IPL 2020.. 1 #IPL2020 2 #WhistlePodu 3 #CSK',b'RT The Top 3 Tweeted about Teams of #IPL2020 1 #CSK 2 #RCB 3 #MI',b'RT In the recently concluded #IPL2020 #CSK was the most tweeted about team..',b'RT The Top 3 Hashtags of IPL 2020.. 1 #IPL2020 2 #WhistlePodu 3 #CSK',b'RT Just 4 Days More For #Gabbar Bday Most 4\xef\xb8\x8f\xe2\x83\xa3s hit by any batsman in #IPL2020 #HappyBirthdayDhawan https://t.co/sflTp44hlO',b'RT Will He Comeback? We R Missing U Badly CHAMP\xf0\x9f\x98\x95 #CSK needs U!The lack of you seems obvious \xe2\x98\xb9 Plss Comeback \xf0\x9f\x99\x87\xe2\x80\xa6',b'RT Will He Comeback? We R Missing U Badly CHAMP\xf0\x9f\x98\x95 #CSK needs U!The lack of you seems obvious \xe2\x98\xb9 Plss Comeback \xf0\x9f\x99\x87\xe2\x80\xa6',b'RT In #IPL2020 #ViratKohli was the most tweeted about Player..',"b""Should get the spelling changed to 'W'irat maybe \xf0\x9f\x99\x8a #Cricket #ViratKohli #RCB #PlayBold #IPL #IPL2020 #Dream11IPL https://t.co/K0C1iRa84E""",b'The Top 3 Tweeted about Teams of #IPL2020 1 #CSK 2 #RCB 3 #MI',b'RT In #IPL2020 #ViratKohli was the most tweeted about Player..',"b""RT #IPL2020 is over &amp we loved making our #Dream11 teams based on pure performance On Deshbhakt's new episode we wonder w\xe2\x80\xa6""","b""RT #IPL2020 is over &amp we loved making our #Dream11 teams based on pure performance On Deshbhakt's new episode we wonder w\xe2\x80\xa6""","b""RT #IPL2020 is over &amp we loved making our #Dream11 teams based on pure performance On Deshbhakt's new episode we wonder w\xe2\x80\xa6""",b'RT In #IPL2020 #ViratKohli was the most tweeted about Player..',b'RT In #IPL2020 #ViratKohli was the most tweeted about Player..',b'RT In the recently concluded #IPL2020 #CSK was the most tweeted about team..',b'RT The Top 3 Tweeted about Teams of #IPL2020 1 #CSK 2 #RCB 3 #MI',b'RT The Top 3 Tweeted about Teams of #IPL2020 1 #CSK 2 #RCB 3 #MI',b'RT In the recently concluded #IPL2020 #CSK was the most tweeted about team..',b'RT In #IPL2020 #ViratKohli was the most tweeted about Player..',b'RT In #IPL2020 #ViratKohli was the most tweeted about Player..',b'Just more excuses from you guys for ur flop show. blaming #IPL2020 like there was no covid19.. To https://t.co/FzgDOIwXia',b'RT Just 4 Days More For #Gabbar Bday Most 4\xef\xb8\x8f\xe2\x83\xa3s hit by any batsman in #IPL2020 #HappyBirthdayDhawan https://t.co/sflTp44hlO',"b""Thisara Perera is in form of his life...Don't know why he is not in IPL and not regular even in SriLanka national t https://t.co/nDAMlve3og""",b'#IPL2020 I watched some of matches Ruturaj Gaikwad (CSK very good player.. I think Finds the n https://t.co/wgYqLeBA4m',b'Watch the Video https://t.co/SBCEZcavmq \xe2\x80\xa2The Images/Photos Used in this Post Belongs to Respective Owners No I https://t.co/D1bv6fHK63',"b""RT #IPL2020 is over &amp we loved making our #Dream11 teams based on pure performance On Deshbhakt's new episode we wonder w\xe2\x80\xa6""","b""RT #IPL2020 is over &amp we loved making our #Dream11 teams based on pure performance On Deshbhakt's new episode we wonder w\xe2\x80\xa6""",b'RT In #IPL2020 #ViratKohli was the most tweeted about Player..',b'RT In #IPL2020 #ViratKohli was the most tweeted about Player..',b'Wow Moment Follow for more updates #SteveSmith #ViratKohli #DavidWarner #RohitSharma https://t.co/IrNComVm8P',b'RT The Top 3 Hashtags of IPL 2020.. 1 #IPL2020 2 #WhistlePodu 3 #CSK',b'RT The Top 3 Tweeted about Teams of #IPL2020 1 #CSK 2 #RCB 3 #MI',b'RT In the recently concluded #IPL2020 #CSK was the most tweeted about team..',b'RT The Top 3 Hashtags of IPL 2020.. 1 #IPL2020 2 #WhistlePodu 3 #CSK',b'RT The Top 3 Tweeted about Teams of #IPL2020 1 #CSK 2 #RCB 3 #MI',b'RT The Top 3 Tweeted about Teams of #IPL2020 1 #CSK 2 #RCB 3 #MI',"b""RT #IPL2020 is over &amp we loved making our #Dream11 teams based on pure performance On Deshbhakt's new episode we wonder w\xe2\x80\xa6""","b""RT #IPL2020 is over &amp we loved making our #Dream11 teams based on pure performance On Deshbhakt's new episode we wonder w\xe2\x80\xa6""",b'RT The Top 3 Hashtags of IPL 2020.. 1 #IPL2020 2 #WhistlePodu 3 #CSK',b'RT The Top 3 Tweeted about Teams of #IPL2020 1 #CSK 2 #RCB 3 #MI',b'RT (2/3 64 of total IPL franchise fans are men 36 are women CSK &amp RCB have the most gender-balanced fan base with 40 fe\xe2\x80\xa6',"b""RT #IPL2020 is over &amp we loved making our #Dream11 teams based on pure performance On Deshbhakt's new episode we wonder w\xe2\x80\xa6""",b'RT (3/3 CSK ( ) MI ( ) RCB ( &amp and KXIP ( have star players driving their\xe2\x80\xa6',"b""RT #IPL2020 is over &amp we loved making our #Dream11 teams based on pure performance On Deshbhakt's new episode we wonder w\xe2\x80\xa6""",b'RT The Top 3 Tweeted about Teams of #IPL2020 1 #CSK 2 #RCB 3 #MI',"b""RT #IPL2020 is over &amp we loved making our #Dream11 teams based on pure performance On Deshbhakt's new episode we wonder w\xe2\x80\xa6""",b'RT I prefer to replace saini Tomorrow in final odi betwen #AUSvIND ...Shardul bowled very well in #IPL2020',"b""RT #IPL2020 is over &amp we loved making our #Dream11 teams based on pure performance On Deshbhakt's new episode we wonder w\xe2\x80\xa6""","b""RT #IPL2020 is over &amp we loved making our #Dream11 teams based on pure performance On Deshbhakt's new episode we wonder w\xe2\x80\xa6""","b""RT #IPL2020 is over &amp we loved making our #Dream11 teams based on pure performance On Deshbhakt's new episode we wonder w\xe2\x80\xa6""",b'RT The Top 3 Tweeted about Teams of #IPL2020 1 #CSK 2 #RCB 3 #MI',b'RT Just 4 Days More For #Gabbar Bday Most 4\xef\xb8\x8f\xe2\x83\xa3s hit by any batsman in #IPL2020 #HappyBirthdayDhawan https://t.co/sflTp44hlO',b'RT _Chenna07 Comment Your Favourite Team \xf0\x9f\x98\x81\xf0\x9f\x98\x87 #Master #IPL2020 https://t.co/IjjG9eMvcU',"b""RT #IPL2020 is over &amp we loved making our #Dream11 teams based on pure performance On Deshbhakt's new episode we wonder w\xe2\x80\xa6""","b""RT #IPL2020 is over &amp we loved making our #Dream11 teams based on pure performance On Deshbhakt's new episode we wonder w\xe2\x80\xa6""","b""RT #IPL2020 is over &amp we loved making our #Dream11 teams based on pure performance On Deshbhakt's new episode we wonder w\xe2\x80\xa6""","b""RT #IPL2020 is over &amp we loved making our #Dream11 teams based on pure performance On Deshbhakt's new episode we wonder w\xe2\x80\xa6""","b""RT #IPL2020 is over &amp we loved making our #Dream11 teams based on pure performance On Deshbhakt's new episode we wonder w\xe2\x80\xa6""","b""RT #IPL2020 is over &amp we loved making our #Dream11 teams based on pure performance On Deshbhakt's new episode we wonder w\xe2\x80\xa6""","b""RT #IPL2020 is over &amp we loved making our #Dream11 teams based on pure performance On Deshbhakt's new episode we wonder w\xe2\x80\xa6""","b""RT #IPL2020 is over &amp we loved making our #Dream11 teams based on pure performance On Deshbhakt's new episode we wonder w\xe2\x80\xa6""","b""RT #IPL2020 is over &amp we loved making our #Dream11 teams based on pure performance On Deshbhakt's new episode we wonder w\xe2\x80\xa6"""


b'Every time when tail-ender hits a boundary. #INDvsAUS #AUSvsIND2020 https://t.co/sfW7yfiYu9',b'Indian bowlers right now #AUSvsIND2020 https://t.co/ZvQz0oyBOY',b'Steve Smith remember the name\xf0\x9f\x91\x8a #stevesmith #AUSvIND #ausvsind2020',b'Looks like the Indian cricket team went to sleep in Dubai and woke up in Sydney \xf0\x9f\x98\x80\xf0\x9f\x98\x80#AUSvsIND2020',b'Australian team is doing what then while they can to make it tough for #TeamIndia2020 #AusvsInd2020'

b'RT Today on #WorldAIDSDay we remember those we lost too soon to HIV/AIDS and vow to redouble our HIV prevention efforts.\xe2\x80\xa6',b'RT Today we remember the precious lives lost to HIV &amp AIDS pledge to continue to raise awareness &amp show our support for those li\xe2\x80\xa6',b'RT I\xe2\x80\x99m inspired by Quarraisha Abdool Karim and They are two of the most respected HIV/AIDS researchers in the\xe2\x80\xa6',b'RT Today is #WorldAIDSDay so I first and foremost want to let all of my friends living with HIV know that you are very mu\xe2\x80\xa6',"b'RT Today on #WorldAIDSDay visit the \'s new sound &amp light installation ""Hear Me Voices of the Epidemic"" as we\xe2\x80\xa6'",b'RT Today we remember the precious lives lost to HIV &amp AIDS pledge to continue to raise awareness &amp show our support for those li\xe2\x80\xa6',"b'shared responsibility"" This year\xe2\x80\x99s theme joins a growing list of challenges that World AIDS Day has alerted people https://t.co/7402GTey1s'",b'RT The Kenya HIV response is largely funded by donors It is time for the government to increase domestic financing for HIV r\xe2\x80\xa6',b'. ( _Official has lived through two pandemics He shares similarities and differences between ho https://t.co/btQcaZVfy6',"b'RT This #WorldAIDSDay let us reflect on our accomplishments and refocus on the future Please continue encouraging #HIV testing,\xe2\x80\xa6'"
"b""David Malan with ABD in rcb's middle order Perfect balance""",b'_m04 Permit me get off topic!! kindly please get https://t.co/XWTs4OED6A',b'Another hot tip for Rcb get in Dawid Malan He is worth it',b'_MC the real captain',b'Man I have the worst luck with ordering online with Best Buy....like why??? https://t.co/xpOvGylSMO',b'_ Haan na plus anything better than our int\xe2\x80\x99l RCB hehe vaise bhi angrez to apne hi hain \xf0\x9f\x98\x94',"b""RT If you didn't catch it here it is again Shares are appreciated If you enjoy it let us know Thanks guys.""",b'Never happening he doesn\xe2\x80\x99t play Bissaka as a RCB',b'RCB started his decline',b'He can be better RCB captain than you',"b""_grant_85 i dont know what the plans are but they need to go right A RCB wouldn't be bad considering all t https://t.co/wzuPlGVvjK""",b'RT The creative midfielder is the profile we all know we need but _Ornstein has just mentioned that the club will look\xe2\x80\xa6',"b""And RCB's decline started since his signing""",b'Rcb bowled really well and according to plan Rcb actually lost because of poor batting in middle order',b'I think they didnt perform that great. Other teams were too inconsistent. RCB still don https://t.co/iQvkODXF4d',b'Yup They need more matches and interactions with https://t.co/L1GMJHw66N',b'RT Anushka I want to see RCB on top of the table at least once. Virat Kohli https://t.co/ycWzjOH3E9',b'RT Anushka I want to see RCB on top of the table at least once. Virat Kohli https://t.co/ycWzjOH3E9',b'One advice for Jason Roy....join RCB then after leaving RCB you can perform well for any team.....Tried and Tested method....\xf0\x9f\x92\xaf\xe2\x9c\x85',b'RT The creative midfielder is the profile we all know we need but _Ornstein has just mentioned that the club will look\xe2\x80\xa6',b'We need a rb not a RCB ffs https://t.co/n6OTa821ve',b'RT Anushka I want to see RCB on top of the table at least once. Virat Kohli https://t.co/ycWzjOH3E9',b'RT RCB is a concern The Saliba situation is so frustrating I understood that he may not have been ready because of person\xe2\x80\xa6',"b""Players RCB should Target in 2021 Auction (expecting There won't be Mega Auction) Chris Gayle Van der Dussen \xe2\x80\xa2 https://t.co/YlS1cEw3LQ""",b'RCB vs PSG Deano AWB Scott Maguire Lindelof Telles (Williams) DVB Fred Bruno Cavani Rashford',b'Some one said international RCB \xf0\x9f\x98\x82 https://t.co/640vYNkyqz',b'_Reliable _Ornstein Ball progression is key and the only RCB in the squad can do https://t.co/1Bj90TRw8B',b'RT Anushka I want to see RCB on top of the table at least once. Virat Kohli https://t.co/ycWzjOH3E9',"b""RT 12th Man Army here's your chance to grab another RCB match replica jersey signed by our players. Head to the RCB Official\xe2\x80\xa6""","b""_jay I'm not a bit worried bcs I dnt need to support a choker with not mentioning the failures but only th https://t.co/1i3ThA095e""",b'RT Anushka I want to see RCB on top of the table at least once. Virat Kohli https://t.co/ycWzjOH3E9',b'RCB tommorow Get Pogba in midfield aswell with Fred https://t.co/E6GwjmMWgg',b'And rest 23 are rcb fans https://t.co/NQXhPTXN5h',b'RCB is a concern The Saliba situation is so frustrating I understood that he may not have been ready because of p https://t.co/zZ686JDPpl',b'RT RCE vs RCB Red Chillies Entertainment Royal challengers Bangalore Jinhone in dono ko support kiya mooh ke bal gira KING\xe2\x80\xa6',b'RT Alright 12th Man Army think you can solve all the 7\xef\xb8\x8f and master the grid?\xf0\x9f\xa4\x94 Hint Think RCB debutants in #Dream11IPL 2020!\xe2\x80\xa6',"b""RT Kohli has just captained 2 ICC tournaments and took the team to Finals and Semis It isn't bad But the only reason he get\xe2\x80\xa6""",b'___ @_tboogie20 i played i hate that https://t.co/KudmnwQJvU',b'RCB Feels https://t.co/DNQc403AvF',"b""Yaa don't know wt happens when they come to RCB, Even best players become useless more than ball boy \xf0\x9f\x98\xb6""",b'Overseas players perform well. No one literally no one Rcbians come to RCB bro.......',b'RT RCB to Gayle after 2017 IPL :',"b""Whenever i see any overseas players perform well i want them in RCB. Don't know Why ? Although they betray us every year \xf0\x9f\xa7\x90""","b""Video https://t.co/jdYUYEJ4jz Hey friends!! We've a new video out \xf0\x9f\xa4\xa9\xf0\x9f\xa4\xa9 People who wanna lose or gain weight can do https://t.co/XyB0gs1FlK""",b'_chillax RCB PMK \xf0\x9f\x98\x82\xf0\x9f\x98\x82',"b""RT Spurs pressed City's back 3 (Walker Laporte Dias and mid 2 (Cancelo Rodri with Kane Ndombele The problem was that C\xe2\x80\xa6""",b'RT The creative midfielder is the profile we all know we need but _Ornstein has just mentioned that the club will look\xe2\x80\xa6',b'RT Alright 12th Man Army think you can solve all the 7\xef\xb8\x8f and master the grid?\xf0\x9f\xa4\x94 Hint Think RCB debutants in #Dream11IPL 2020!\xe2\x80\xa6',b'RT Anushka I want to see RCB on top of the table at least once. Virat Kohli https://t.co/ycWzjOH3E9',b'RT The creative midfielder is the profile we all know we need but _Ornstein has just mentioned that the club will look\xe2\x80\xa6',"b""RT Kohli has just captained 2 ICC tournaments and took the team to Finals and Semis It isn't bad But the only reason he get\xe2\x80\xa6""",b'RT Looking for Top VPG Club Vocal At the back and defensive minded Availability 100% VPG Prem exp and VFL HT EL Have mic \xe2\x9c\x85\xe2\x80\xa6',b'An RCB fan want Iyer to get long run Replace kuldeep for Chahal and Rest Shami and Bumrah to be fit for T20 and t https://t.co/0Eh2jjzVIM',b'Dussen in RCB your thoughts?',b'UNITED AND RAJASTHAN &gt;&gt;&gt RCB',b'Now I can understand the feelings of RCB fans \xf0\x9f\x98\x93\xf0\x9f\x98\x93 #LPL2020 #KTvGG',b'RT Anushka I want to see RCB on top of the table at least once. Virat Kohli https://t.co/ycWzjOH3E9',b'Unai Nunez from Bilbao would be a perfect RCB for Arsenal',b'RT Anushka I want to see RCB on top of the table at least once. Virat Kohli https://t.co/ycWzjOH3E9',b'RCB had the RTM Card but they did not use it on KL Rahul \xe2\x80\xa2The Images/Photos Used in this Post Belongs to Respecti https://t.co/fOQ9z64kMl',"b""1 no. 2 you're a joker man lmao 3 it was more who are the 4 best defenders not who's the best LCB/R https://t.co/mstl0a8r8P""",b'RT Smart player also very strong on the ball Good in the air Played largely as the RCB w\xe2\x80\xa6',b'Smart player also very strong on the ball Good in the air Played largely as the R https://t.co/4DeB9xm4ez',b'High chance of Glenn Phillips coming to RCB.',"b""RT Kohli has just captained 2 ICC tournaments and took the team to Finals and Semis It isn't bad But the only reason he get\xe2\x80\xa6""",b'RT RCE vs RCB Red Chillies Entertainment Royal challengers Bangalore Jinhone in dono ko support kiya mooh ke bal gira KING\xe2\x80\xa6',b'Would be a great window if we manage to get Szoboszlai Buendia on loan and a proper RCB perhaps maybe even recall https://t.co/bGRHl8bSYF',b'RT The Top 3 Tweeted about Teams of #IPL2020 1 #CSK 2 #RCB 3 #MI',b'RT Anushka I want to see RCB on top of the table at least once. Virat Kohli https://t.co/ycWzjOH3E9',b'RT And the rest is 9(27 vs Aus 11(23 vs WI 8(22 vs KKR 7(21 in CLT20 15(21 vs Aus 29(37 vs Aus 26(29 vs Rcb 49(44 vs Au\xe2\x80\xa6',b'RCB quota le aadu\xf0\x9f\x98\x85',b'Yeah lots of my friends are RCB fans so you might find one in my wedding \xf0\x9f\x98\x9c',b'All American really my show!',b'Sometimes u tweet like ex rcb mgt Vettori and nehra)\xf0\x9f\x98\x82',b'RT And the rest is 9(27 vs Aus 11(23 vs WI 8(22 vs KKR 7(21 in CLT20 15(21 vs Aus 29(37 vs Aus 26(29 vs Rcb 49(44 vs Au\xe2\x80\xa6',b'_Watts25 Yes but explosion plays can be 20-25 yd TDs Ramsey has thrown to RCB and almost hit to Lees &amp McG https://t.co/4YirPgW1Is',b'RT Here\xe2\x80\x99s #TOTW1 well done to those included: GK __FC RB _eSport RCB LCB LB\xe2\x80\xa6',b'RT Alright 12th Man Army think you can solve all the 7\xef\xb8\x8f and master the grid?\xf0\x9f\xa4\x94 Hint Think RCB debutants in #Dream11IPL 2020!\xe2\x80\xa6',b'_98 On paper yes In reality no I agree everywhere apart fro https://t.co/xr9ReCwRtY',"b""We can't take it as joke bro see she is trying her best to stay fit as pregnant women but still you comparing that https://t.co/Zh1NKBT11y""",b'RT Cyclone in Chennai in 2015 RCB in the final in 2016 Cyclone in Chennai in 2020 RCB will be in the final in 2021',b'RT Anushka I want to see RCB on top of the table at least once. Virat Kohli https://t.co/ycWzjOH3E9',b'I\xe2\x80\x99m sure all the RCB fans voted for Rohit to be their captain for the next IPL tournament.',b'RT Yes I started supporting RCB because of virat Now there is some emotional attachment with team So even after virat retir\xe2\x80\xa6',b'RT Anushka I want to see RCB on top of the table at least once. Virat Kohli https://t.co/ycWzjOH3E9',b'RT Anushka I want to see RCB on top of the table at least once. Virat Kohli https://t.co/ycWzjOH3E9',b'_Rahul @_shortarmjab Still supporting rcb not csk Shame \xf0\x9f\x98\xa2',b'Not the point ffs he wrote that we already have a young RCB waiting to play https://t.co/BsUqr0S3el',"b""Kohli has just captained 2 ICC tournaments and took the team to Finals and Semis It isn't bad But the only reason https://t.co/zMilWkGFPB""",b'RT Anushka I want to see RCB on top of the table at least once. Virat Kohli https://t.co/ycWzjOH3E9',b'Hell play wan bissaka rcb Williams rb',"b""Nijam I too don't like rcb""",b'RT The Top 3 Tweeted about Teams of #IPL2020 1 #CSK 2 #RCB 3 #MI',b'RT Anushka I want to see RCB on top of the table at least once. Virat Kohli https://t.co/ycWzjOH3E9',b'RT The Top 3 Tweeted about Teams of #IPL2020 1 #CSK 2 #RCB 3 #MI',b'_45 _vohra 23 people are rcb fans',b'RT RCE vs RCB Red Chillies Entertainment Royal challengers Bangalore Jinhone in dono ko support kiya mooh ke bal gira KING\xe2\x80\xa6',b'RT RCE vs RCB Red Chillies Entertainment Royal challengers Bangalore Jinhone in dono ko support kiya mooh ke bal gira KING\xe2\x80\xa6',b'RT The Top 3 Tweeted about Teams of #IPL2020 1 #CSK 2 #RCB 3 #MI',b'RT Anushka I want to see RCB on top of the table at least once. Virat Kohli https://t.co/ycWzjOH3E9'
b'RT _official #kanakadasajayanthi 03.12.2020 Remembering the Great Philosopher Poet and Social reformer Shri KANAKADASA on his bir\xe2\x80\xa6',b'RT _official #kanakadasaJayanthi Kanakadasa Jayanthi was celebrated in Angadi Institute of Technology &amp Management Belagavi on 03.1\xe2\x80\xa6',b'Remembering the renowned philosopher social thinker poet musician &amp Saint Sri Kanakadasa on his birth anniversar https://t.co/y0EvbGVfPf',b'The great poet inspires us to embrace equality Do we not all see the same sun and the same sky? Happy Kanakadasa https://t.co/X2a862IqyL',b'Happy #kanakadasajayanthi Jayanthi https://t.co/yJMX3MM0LM',b'So many people are celebrating #KanakadasaJayanthi #OptionalHoliday',b'RT On the occassion of the Jayanthi of Sri Kanakadasa a renowned composer Here is a wonderful composition sung by \xe2\x80\xa6',b'\xe0\xb2\xa8 \xe0\xb2\xae\xe0\xb2\xbe\xe0\xb2\xaf\xe0\xb3\x86\xe0\xb2\xaf\xe0\xb3\x8a\xe0\xb2\xb3\xe0\xb2\x97\xe0\xb3\x8b.. \xe0\xb2\xa8\xe0\xb2\xbf\xe0\xb2\xa8\xe0\xb3\x8d\xe0\xb2\xa8\xe0\xb3\x8a\xe0\xb2\xb3 \xe0\xb2\xae\xe0\xb2\xbe\xe0\xb2\xaf\xe0\xb3\x86\xe0\xb2\xaf\xe0\xb3\x8b..? How I wish people really paid attention to the real philosophy of the great sain https://t.co/ZzbMldIa0a',b'A tribute to the great saint on his Jayanthi \xf0\x9f\x99\x8f #kanakadasajayanthi #Kanakadasa #Carnaticmusic https://t.co/SRBmYlZKL1',b'RT Remembering the great Sant #kanakadasji! #kanakadasajayanthi #kanakadasajayanti #Karnataka \xf0\x9f\x99\x8f\xf0\x9f\x8f\xbc\xf0\x9f\x99\x8f\xf0\x9f\x8f\xbcNaman\xf0\x9f\x99\x8f\xf0\x9f\x8f\xbc\xf0\x9f\x99\x8f #OurAncestor\xe2\x80\xa6',b'RT Remembering the great Sant #kanakadasji! #kanakadasajayanthi #kanakadasajayanti #Karnataka \xf0\x9f\x99\x8f\xf0\x9f\x8f\xbc\xf0\x9f\x99\x8f\xf0\x9f\x8f\xbcNaman\xf0\x9f\x99\x8f\xf0\x9f\x8f\xbc\xf0\x9f\x99\x8f #OurAncestor\xe2\x80\xa6',b'RT Remembering the great Sant #kanakadasji! #kanakadasajayanthi #kanakadasajayanti #Karnataka \xf0\x9f\x99\x8f\xf0\x9f\x8f\xbc\xf0\x9f\x99\x8f\xf0\x9f\x8f\xbcNaman\xf0\x9f\x99\x8f\xf0\x9f\x8f\xbc\xf0\x9f\x99\x8f #OurAncestor\xe2\x80\xa6',b'RT Remembering the great Sant #kanakadasji! #kanakadasajayanthi #kanakadasajayanti #Karnataka \xf0\x9f\x99\x8f\xf0\x9f\x8f\xbc\xf0\x9f\x99\x8f\xf0\x9f\x8f\xbcNaman\xf0\x9f\x99\x8f\xf0\x9f\x8f\xbc\xf0\x9f\x99\x8f #OurAncestor\xe2\x80\xa6',b'Remembering the great Sant #kanakadasji! #kanakadasajayanthi #kanakadasajayanti #Karnataka \xf0\x9f\x99\x8f\xf0\x9f\x8f\xbc\xf0\x9f\x99\x8f\xf0\x9f\x8f\xbcNaman\xf0\x9f\x99\x8f\xf0\x9f\x8f\xbc\xf0\x9f\x99\x8f\xf0\x9f\x8f\xbc https://t.co/vFioBPGS6B',b'Greetings to all on the auspicious occasion of #kanakadasajayanthi. The visionary poet advocated principles of equa https://t.co/79IZqtYBJJ',b'\xe0\xb2\xa8\xe0\xb2\xbe\xe0\xb2\xa1\xe0\xb2\xbf \xe0\xb2\xb8\xe0\xb2\xae\xe0\xb2\xb8\xe0\xb3\x8d \xe0\xb2\x9c\xe0\xb2\xa8\xe0\xb2\xa4\xe0\xb3\x86\xe0\xb2\x97 \xe0\xb2\xa6\xe0\xb2\xbe \xe0\xb2\xb6\xe0\xb3\x8d\xe0\xb2\xb0\xe0\xb3\x87\xe0\xb2\xb7\xe0\xb3\x8d \xe0\xb2\xb6\xe0\xb3\x8d\xe0\xb2\xb0 \xe0\xb2\x95\xe0\xb2\xa8\xe0\xb2\x95\xe0\xb2\xa6\xe0\xb2\xbe \xe0\xb2\x9c\xe0\xb2\xaf\xe0\xb2\x82\xe0\xb2\xa4\xe0\xb2\xbf \xe0\xb2\xb6\xe0\xb3\x81\xe0\xb2\xad\xe0\xb2\xbe\xe0\xb2\xb6\xe0\xb2\xaf\xe0\xb2\x97\xe0\xb2\xb3\xe0\xb3\x81 My humble tributes to a great social reformer the gre https://t.co/E1BueJZvL1',b'RT \xe0\xb2\xa8\xe0\xb2\xbf\xe0\xb2\xa8\xe0\xb3\x8d\xe0\xb2\xa8\xe0\xb3\x8a\xe0\xb2\xb3 \xe0\xb2\xae\xe0\xb2\xbe\xe0\xb2\xaf\xe0\xb3\x86\xe0\xb2\xaf \xe0\xb2\xae\xe0\xb2\xbe\xe0\xb2\xaf\xe0\xb3\x86\xe0\xb2\xaf\xe0\xb3\x8a\xe0\xb2\xb3 \xe0\xb2\xa8\xe0\xb3\x80\xe0\xb2\xa8\xe0\xb3\x8a...Is it illusion(Maya within or without? The profundity of his spiritual thought made him t\xe2\x80\xa6',b'Happy #kanakadasajayanthi to all https://t.co/eNilscW933',b'Tributes to the great poet &amp saint Shri Kanaka Dasa ji on his birth anniversary Link-https://t.co/RvPn7KcILo https://t.co/GHsDAABl1W',b'RT Kanaka Dasa was a renowned #composer of #Carnatic music #poet philosopher and #musician from #Karnataka He spread the\xe2\x80\xa6',b'\xe0\xb2\xa6\xe0\xb2\xbe \xe0\xb2\xb6\xe0\xb3\x8d\xe0\xb2\xb0\xe0\xb3\x87\xe0\xb2\xb7\xe0\xb3\x8d \xe0\xb2\xb6\xe0\xb3\x8d\xe0\xb2\xb0 \xe0\xb2\x95\xe0\xb2\xa8\xe0\xb2\x95\xe0\xb2\xa6\xe0\xb2\xbe \xe0\xb2\x9c\xe0\xb2\xaf\xe0\xb2\x82\xe0\xb2\xa4\xe0\xb2\xbf \xe0\xb2\xb6\xe0\xb3\x81\xe0\xb2\xad\xe0\xb2\xbe\xe0\xb2\xb6\xe0\xb2\xaf\xe0\xb2\x97\xe0\xb2\xb3\xe0\xb3\x81 My humble tributes to a great social reformer the great poet and saint S https://t.co/5zg8VVitkG',b'RT On the occassion of the Jayanthi of Sri Kanakadasa a renowned composer Here is a wonderful composition sung by \xe2\x80\xa6',b'RT \xe0\xb2\xa8\xe0\xb2\xbf\xe0\xb2\xa8\xe0\xb3\x8d\xe0\xb2\xa8\xe0\xb3\x8a\xe0\xb2\xb3 \xe0\xb2\xae\xe0\xb2\xbe\xe0\xb2\xaf\xe0\xb3\x86\xe0\xb2\xaf \xe0\xb2\xae\xe0\xb2\xbe\xe0\xb2\xaf\xe0\xb3\x86\xe0\xb2\xaf\xe0\xb3\x8a\xe0\xb2\xb3 \xe0\xb2\xa8\xe0\xb3\x80\xe0\xb2\xa8\xe0\xb3\x8a...Is it illusion(Maya within or without? The profundity of his spiritual thought made him t\xe2\x80\xa6',b'RT #kanakadasajayanthi Legend has it that the temple idol of Lord Krishna originally faced east but the idol turned and th\xe2\x80\xa6',b'RT On the occassion of the Jayanthi of Sri Kanakadasa a renowned composer Here is a wonderful composition sung by \xe2\x80\xa6',b'RT Poet Philosopher Reformer Bhakti movement Santh Shresta Humanity propagator Saint Legend Kanakadasa believed in equality\xe2\x80\xa6',b'RT Best wishes to everyone today on #KanakaDasaJayanthi His values of devotion peace and secularism still lead us today\xe2\x80\xa6',b'Greetings on #KanakadasaJayanthi to Everyone https://t.co/fd0YWDy0g9',b'RT On the occassion of the Jayanthi of Sri Kanakadasa a renowned composer Here is a wonderful composition sung by \xe2\x80\xa6',b'On the occassion of the Jayanthi of Sri Kanakadasa a renowned composer Here is a wonderful composition sung by https://t.co/Gyzwl2u7zC',"b""Would any idiot who by himself if not #MadeInIndia will ridicule #vaccine import by asking Y wouldn't we wait fo https://t.co/tfbWhYbY0u""",b'\xe0\xb2\xa8\xe0\xb2\xbe\xe0\xb2\xa1\xe0\xb2\xbf \xe0\xb2\xb8\xe0\xb2\xae\xe0\xb2\xb8\xe0\xb3\x8d \xe0\xb2\x9c\xe0\xb2\xa8\xe0\xb2\xa4\xe0\xb3\x86\xe0\xb2\x97 \xe0\xb2\xa6\xe0\xb2\xbe \xe0\xb2\xb6\xe0\xb3\x8d\xe0\xb2\xb0\xe0\xb3\x87\xe0\xb2\xb7\xe0\xb3\x8d \xe0\xb2\xb6\xe0\xb3\x8d\xe0\xb2\xb0 \xe0\xb2\x95\xe0\xb2\xa8\xe0\xb2\x95\xe0\xb2\xa6\xe0\xb2\xbe \xe0\xb2\x9c\xe0\xb2\xaf\xe0\xb2\x82\xe0\xb2\xa4\xe0\xb2\xbf \xe0\xb2\xb6\xe0\xb3\x81\xe0\xb2\xad\xe0\xb2\xbe\xe0\xb2\xb6\xe0\xb2\xaf\xe0\xb2\x97\xe0\xb2\xb3\xe0\xb3\x81 My humble tributes to a great social reformer the gre https://t.co/aMM8dKyTux',b'RT \xe0\xb2\xa8\xe0\xb2\xbf\xe0\xb2\xa8\xe0\xb3\x8d\xe0\xb2\xa8\xe0\xb3\x8a\xe0\xb2\xb3 \xe0\xb2\xae\xe0\xb2\xbe\xe0\xb2\xaf\xe0\xb3\x86\xe0\xb2\xaf \xe0\xb2\xae\xe0\xb2\xbe\xe0\xb2\xaf\xe0\xb3\x86\xe0\xb2\xaf\xe0\xb3\x8a\xe0\xb2\xb3 \xe0\xb2\xa8\xe0\xb3\x80\xe0\xb2\xa8\xe0\xb3\x8a...Is it illusion(Maya within or without? The profundity of his spiritual thought made him t\xe2\x80\xa6',b'RT Kanaka Dasa was a renowned #composer of #Carnatic music #poet philosopher and #musician from #Karnataka He spread the\xe2\x80\xa6',b'Kanaka Dasa was a renowned #composer of #Carnatic music #poet philosopher and #musician from #Karnataka He sprea https://t.co/kssXm55ZMt',b'RT Poet Philosopher Reformer Bhakti movement Santh Shresta Humanity propagator Saint Legend Kanakadasa believed in equality\xe2\x80\xa6',b'RT Poet Philosopher Reformer Bhakti movement Santh Shresta Humanity propagator Saint Legend Kanakadasa believed in equality\xe2\x80\xa6',b'RT \xe0\xb2\xa8\xe0\xb2\xbf\xe0\xb2\xa8\xe0\xb3\x8d\xe0\xb2\xa8\xe0\xb3\x8a\xe0\xb2\xb3 \xe0\xb2\xae\xe0\xb2\xbe\xe0\xb2\xaf\xe0\xb3\x86\xe0\xb2\xaf \xe0\xb2\xae\xe0\xb2\xbe\xe0\xb2\xaf\xe0\xb3\x86\xe0\xb2\xaf\xe0\xb3\x8a\xe0\xb2\xb3 \xe0\xb2\xa8\xe0\xb3\x80\xe0\xb2\xa8\xe0\xb3\x8a...Is it illusion(Maya within or without? The profundity of his spiritual thought made him t\xe2\x80\xa6',b'Poet Philosopher Reformer Bhakti movement Santh Shresta Humanity propagator Saint Legend Kanakadasa believed in eq https://t.co/MaBMdszhhG',b'RT \xe0\xb2\xa8\xe0\xb2\xbf\xe0\xb2\xa8\xe0\xb3\x8d\xe0\xb2\xa8\xe0\xb3\x8a\xe0\xb2\xb3 \xe0\xb2\xae\xe0\xb2\xbe\xe0\xb2\xaf\xe0\xb3\x86\xe0\xb2\xaf \xe0\xb2\xae\xe0\xb2\xbe\xe0\xb2\xaf\xe0\xb3\x86\xe0\xb2\xaf\xe0\xb3\x8a\xe0\xb2\xb3 \xe0\xb2\xa8\xe0\xb3\x80\xe0\xb2\xa8\xe0\xb3\x8a...Is it illusion(Maya within or without? The profundity of his spiritual thought made him t\xe2\x80\xa6',b'Remembering a great poet and a philosopher on his jayanthi. #kanakadasajayanthi #kanakadasa #GreatPoet #BCL #bcl https://t.co/hUulBU4Ra1',b'Kanakadasa Jayanthi 2020 Wishes Images and Messages Take Over Twitter #Kanakadasa #KanakadasaJayanthi https://t.co/aM4MMJB93h',b'RT \xe0\xb2\xa8\xe0\xb2\xbf\xe0\xb2\xa8\xe0\xb3\x8d\xe0\xb2\xa8\xe0\xb3\x8a\xe0\xb2\xb3 \xe0\xb2\xae\xe0\xb2\xbe\xe0\xb2\xaf\xe0\xb3\x86\xe0\xb2\xaf \xe0\xb2\xae\xe0\xb2\xbe\xe0\xb2\xaf\xe0\xb3\x86\xe0\xb2\xaf\xe0\xb3\x8a\xe0\xb2\xb3 \xe0\xb2\xa8\xe0\xb3\x80\xe0\xb2\xa8\xe0\xb3\x8a...Is it illusion(Maya within or without? The profundity of his spiritual thought made him t\xe2\x80\xa6',b'#KanakadasaJayanthi is a festival celebrated by people of Karnataka and Kuruba Gowda community in particular It is https://t.co/ZehaBTKAZW',b'#kanakadasaJayanthi Kanakadasa Jayanthi was celebrated in Angadi Institute of Technology &amp Management Belagavi on https://t.co/gxbBOBN6Tf',b'Heartfelt greetings to the people of Karnataka on the festival of #Kanakadasa. I tribute to the great poet saint https://t.co/WPzSS1okG2',b'RT \xe0\xb2\xa8\xe0\xb2\xbf\xe0\xb2\xa8\xe0\xb3\x8d\xe0\xb2\xa8\xe0\xb3\x8a\xe0\xb2\xb3 \xe0\xb2\xae\xe0\xb2\xbe\xe0\xb2\xaf\xe0\xb3\x86\xe0\xb2\xaf \xe0\xb2\xae\xe0\xb2\xbe\xe0\xb2\xaf\xe0\xb3\x86\xe0\xb2\xaf\xe0\xb3\x8a\xe0\xb2\xb3 \xe0\xb2\xa8\xe0\xb3\x80\xe0\xb2\xa8\xe0\xb3\x8a...Is it illusion(Maya within or without? The profundity of his spiritual thought made him t\xe2\x80\xa6',b'RT #kanakadasajayanthi Legend has it that the temple idol of Lord Krishna originally faced east but the idol turned and th\xe2\x80\xa6',b'RT \xe0\xb2\xa8\xe0\xb2\xbf\xe0\xb2\xa8\xe0\xb3\x8d\xe0\xb2\xa8\xe0\xb3\x8a\xe0\xb2\xb3 \xe0\xb2\xae\xe0\xb2\xbe\xe0\xb2\xaf\xe0\xb3\x86\xe0\xb2\xaf \xe0\xb2\xae\xe0\xb2\xbe\xe0\xb2\xaf\xe0\xb3\x86\xe0\xb2\xaf\xe0\xb3\x8a\xe0\xb2\xb3 \xe0\xb2\xa8\xe0\xb3\x80\xe0\xb2\xa8\xe0\xb3\x8a...Is it illusion(Maya within or without? The profundity of his spiritual thought made him t\xe2\x80\xa6',b'RT \xe0\xb2\xa8\xe0\xb2\xbf\xe0\xb2\xa8\xe0\xb3\x8d\xe0\xb2\xa8\xe0\xb3\x8a\xe0\xb2\xb3 \xe0\xb2\xae\xe0\xb2\xbe\xe0\xb2\xaf\xe0\xb3\x86\xe0\xb2\xaf \xe0\xb2\xae\xe0\xb2\xbe\xe0\xb2\xaf\xe0\xb3\x86\xe0\xb2\xaf\xe0\xb3\x8a\xe0\xb2\xb3 \xe0\xb2\xa8\xe0\xb3\x80\xe0\xb2\xa8\xe0\xb3\x8a...Is it illusion(Maya within or without? The profundity of his spiritual thought made him t\xe2\x80\xa6'

"b""Gautam Gambhir said that hats off to Virat Kohli for what he's achieved He has scored more than 20,000 runs and 70 https://t.co/b14Nea8DWQ""",b'There is a huge spike in Viewership of star sports in the opening week of \xf0\x9f\xa4\x98\xf0\x9f\x94\xa5 #ATKMBOFC https://t.co/84Lc2TuHto',b'RT _Bet I really enjoy listening to Ben I think the betting people podcasts are e\xe2\x80\xa6',b'_Bet I really enjoy listening to Ben I think the betting people podcasts a https://t.co/gLJKQlVIHF',b'#STARSports A tweet from the Twitter account of Kyle Butler suggests that the footballer fears for his and his fam https://t.co/b5j3uqIXCm',b'Plzzz do comment on this? #AskTheExpert #asksportstak https://t.co/xJW3x7Hh9J',b'Finally an achievement to cheer about for Team India #StarSports #starsportstelugu #starniadugu https://t.co/Q0r2ipiUvq',b'The match is evenly poised at the moment! #StarSports #starsportstelugu #starniadugu #telugucommentary #cricketfans https://t.co/xavZIXIM6K',b'Australia struggling at 159/5! #StarSports #starsportstelugu #starniadugu #telugucommentary #cricketfans #ODImatch https://t.co/NMe46ZwdN5',b'Natrajan gets the breakthrough for India in the powerplay #StarSports #starsportstelugu #starniadugu https://t.co/Bxi31ecU2X',b'India put up a decent score to defend #StarSports #starsportstelugu #starniadugu #telugucommentary #cricketfans https://t.co/9tixIjxnxJ',b'Hardik Pandya and Ravindra Jadeja putting up a fight for India #StarSports #starsportstelugu #starniadugu https://t.co/AM9Mxuj15l',b'#willowtvsucks #100DaysOfCode Missing #StarSports commentary!',b'#STARSports Jamaica remained firmly fixed on the top of the Caribbean Football Union (CFU rankings It follows th https://t.co/PYJIos3MMf',"b""RT #STARSports Phoenix All Star Football Academy founder Craig Butler says the injuries his son Kyle's Twitter account claim\xe2\x80\xa6""","b""RT #STARSports Phoenix All Star Football Academy founder Craig Butler says the injuries his son Kyle's Twitter account claim\xe2\x80\xa6""","b""RT #STARSports Phoenix All Star Football Academy founder Craig Butler says the injuries his son Kyle's Twitter account claim\xe2\x80\xa6""","b""#STARSports Phoenix All Star Football Academy founder Craig Butler says the injuries his son Kyle's Twitter accoun https://t.co/wTgMd4GVRI""",b'Great partnership by and Brilliant knock by en .#StarSports',b'While Australia are looking for a clean sweep the Men in Blue having nothing but pride to play for we can expect https://t.co/sNZFqnBFcG',b'Here is the England FA Cup third round top teams for January 9th next year matches \xf0\x9f\x91\x87\xf0\x9f\x91\x87\xf0\x9f\x91\x87#starsat #fa #cup #starsports https://t.co/325nAmPGFW',b'India vs Australia 3rd ODI Match 2020 India tour of Australia | #StarSports #starsportstelugu #starniadugu https://t.co/gXRy2gdBlp',b'Premier League Team of the week challenge. Going against the experienced the legend Don Hutchison. https://t.co/8U2G8546Gh',b'\xe0\xa4\xaf\xe0\xa4\xbe\xe0\xa4\xa6\xe0\xa5\x87 Sachin Documentary #starsports #Mumbai #MondayMotivation https://t.co/wFlpaacPTc',b'What #drama! 35 year old #Cavani #saves from #shambles #SOUMUN #EPL #MUFC #StarSports',b'RT Wowwwwww Wat a day!! &amp #ipl #indianpremierleague #ipl2020 #cricket #dream11ipl #starsports #byj\xe2\x80\xa6',b'To walk away almost #unhurt from such a #horrible #accident and from a #car that\xe2\x80\x99s #broken into two is nothing but https://t.co/ii52IME9Ef',b'A win for India against Australia is only going to happen if India brings the men with thrones such as Sehwag Gamb https://t.co/eZaFq4gvr0',b'Where is the 3D player anyone know #AUSvIND #INDvsAUS #StarSports #AskTheExpert #AskTheExperts',b'TBH Should be broadcasting this series Commentary Visualization media work &amp f https://t.co/JTETGDxZ2S',b'RT Can India repeat their 2019 heroics against Australia? #AUSvsIND #StarSports #starsportstelugu #starniadugu #telugucom\xe2\x80\xa6',b'With all due respect please resign from Indian Captaincy Positives and excuses dosent win you matches https://t.co/rW4qyLxmZo',b'India vs Australia 2nd ODI Match 2020 India tour of Australia | #StarSports #starsportstelugu #starniadugu https://t.co/Tlces11wtC',b'As we saw Smith score centuries in both the ODIs what did Indian Pacers lack and what should be the strategy again https://t.co/yPe6HbChuy',"b""Earlier Indian team couldn't play outside India and now cannt play outside star sports #AUSvsIND #SonyLIV #SonySports #StarSports""",b'Can India repeat their 2019 heroics against Australia? #AUSvsIND #StarSports #starsportstelugu #starniadugu https://t.co/kxsQWT40Kv',b'#SonySports #SonySportsIndia do you know how to telecast cricket very poor live editing just see how worst it is to https://t.co/lLffvYi3KR',b'Australia poised for another mammoth total! #AUSvsIND #StarSports #starsportstelugu #starniadugu #telugucommentary #cricketfans #ODImatch',"b'#AskTheExperts If Kuldeep Yadav will replace by Saini ,What would be changes for team India for next match...#StarSports'",b'#starsports Should Rohit Sharma be the captain of limited overs cricket for India ???',b'#AskTheExpert #starsports Should india drop navdeep saini in next match ?',b'Bored of watching Ind vs Aus in Sony10 !? Switch to Star Sports India batting like Aussies there \xf0\x9f\x98\x89\xf0\x9f\x98\x89 #INDvAUS https://t.co/VnpPN24U6w',b'Shami gets the breakthrough for India as hosts are going great guns! #AUSvsIND #StarSports #starsportstelugu https://t.co/syHTJE9rZG',b'Will India equalize the series? #AUSvsIND #StarSports #starsportstelugu #starniadugu #telugucommentary #cricketfans #ODImatch',b'RT May be around 15 to 20 years past There were only 2 sports channels namely #StarSports and #ESPN no love action was mis\xe2\x80\xa6',b'May be around 15 to 20 years past There were only 2 sports channels namely #StarSports and #ESPN no love action https://t.co/HEJMjYw2En',b'Having outperformed by Australia in the 1st ODI can Men in Blue come back strong in the series We have an excitin https://t.co/0sjXqOraAz',"b""After #cleanfeed implication all other channels has restored except for #starsports maybe doesn't https://t.co/M3PCZZDyIX""","b""RT After watching today's game Sc east Bengal fans be like #ISL #EastBengal #MohunBagan #football #IndianFootball #st\xe2\x80\xa6""","b""After watching today's game Sc east Bengal fans be like #ISL #EastBengal #MohunBagan #football #IndianFootball https://t.co/hpDyvKrWlY"""
"b'Thank you for spending 2,213 minutes with me this year on You are my #1 #2020Wrapped https://t.co/0ZaRc7PYkx'",b'RT We\xe2\x80\x99re kicking off #2020Wrapped by surprising Bad Bunny with the good news is \xe2\x80\x99s most-streamed arti\xe2\x80\xa6',"b""RT Is your #2020Wrapped Top Artist on this list \xf0\x9f\x91\x91 Comment below on who's your #1! https://t.co/rC7KwpQK3u https://t.co/\xe2\x80\xa6""","b""RT Is your #2020Wrapped Top Artist on this list \xf0\x9f\x91\x91 Comment below on who's your #1! https://t.co/rC7KwpQK3u https://t.co/\xe2\x80\xa6""","b'Thank you for spending 5,646 minutes with me this year on You are my #1 #2020Wrapped https://t.co/bWpUItj2W4'",b'This is how my year sounded on Get your 2020 Wrapped now #2020Wrapped https://t.co/u8fDyjmHck',b'My top podcast of 2020 featured two dads and a small Lebanese child What was yours #2020Wrapped _ https://t.co/iaZgYByDvk',"b'Thank you for spending 3,008 minutes with me this year on You are my #1 #2020Wrapped https://t.co/yLvR9fm4FW'","b""MISS MA'AM!! I LOVE YOU!! \xf0\x9f\x92\x97 Only The Young \xf0\x9f\x92\xaa #2020Wrapped https://t.co/W5tM9gs49I""","b'Thank you for spending 6,433 minutes with me this year on You are my #1 #2020Wrapped https://t.co/sjP42xQtbt'",b'RT Drink water &amp mind your own business \xf0\x9f\x9a\xbf #2020Wrapped Prince Kaybee Babes Wodumo Oarabile Themba https://t.co/tKh\xe2\x80\xa6',b'My Top 5 Artists of 2020 Who were yours #2020Wrapped https://t.co/T08t5SgVNL',"b""RT Who's the #1 artist in your #2020Wrapped \xf0\x9f\x91\x80\xe2\xa4\xb5\xef\xb8\x8f""",b'Spotify #2020Wrapped',"b""RT Is your #2020Wrapped Top Artist on this list \xf0\x9f\x91\x91 Comment below on who's your #1! https://t.co/rC7KwpQK3u https://t.co/\xe2\x80\xa6""",b'This is how my year sounded on Get your 2020 Wrapped now #2020Wrapped https://t.co/VlmhOPaW0D',b'No surprise that my top artist in my #2020Wrapped is',b'like this for magic #2020Wrapped https://t.co/QufYncNBz2',"b""RT Is your #2020Wrapped Top Artist on this list \xf0\x9f\x91\x91 Comment below on who's your #1! https://t.co/rC7KwpQK3u https://t.co/\xe2\x80\xa6""",b'This is how my year sounded on Get your 2020 Wrapped now #2020Wrapped https://t.co/8iiF7m9KAs',b'RT This is what your #2020Wrapped soundtrack looked like according to the data Which of these tracks are you STILL not o\xe2\x80\xa6',"b'Thank you Fairuz for spending 1,277 minutes with me this year on You are my #1 #2020Wrapped https://t.co/ySKnePLeUP'","b""RT Is your #2020Wrapped Top Artist on this list \xf0\x9f\x91\x91 Comment below on who's your #1! https://t.co/rC7KwpQK3u https://t.co/\xe2\x80\xa6""","b""Don't sleep on They did release an absolute banger of a record this year In 2020 I was a https://t.co/tVr9GFkOhN""","b""RT Is your #2020Wrapped Top Artist on this list \xf0\x9f\x91\x91 Comment below on who's your #1! https://t.co/rC7KwpQK3u https://t.co/\xe2\x80\xa6""",b'My top song of 2020 What was yours #2020Wrapped https://t.co/i03ZfyGe7s wait until they here this one',b'RT Thank you Megan for reminding us we\xe2\x80\x99re savage all year long. Find out how you listened this year with #2020Wrap\xe2\x80\xa6',b'Thank you for spending 274 minutes with me this year on You are my #1 #2020Wrapped https://t.co/fNtdnkXww8',"b""RT Is your #2020Wrapped Top Artist on this list \xf0\x9f\x91\x91 Comment below on who's your #1! https://t.co/rC7KwpQK3u https://t.co/\xe2\x80\xa6""",b'RT Discover the top artists and songs that you couldn\xe2\x80\x99t get enough of this year! \xe2\x9d\xa4 this tweet for a reminder to check your\xe2\x80\xa6',b'RT This is what your #2020Wrapped soundtrack looked like according to the data Which of these tracks are you STILL not o\xe2\x80\xa6',b'RT These are the tracks that kept us company this year in #2020Wrapped How important were these songs to you https://t\xe2\x80\xa6',"b""RT These men are the absolute gems you've loved this year for #2020Wrapped Reply below to let us know what you love about\xe2\x80\xa6""","b""RT Is your #2020Wrapped Top Artist on this list \xf0\x9f\x91\x91 Comment below on who's your #1! https://t.co/rC7KwpQK3u https://t.co/\xe2\x80\xa6""","b""RT Who's the #1 artist in your #2020Wrapped \xf0\x9f\x91\x80\xe2\xa4\xb5\xef\xb8\x8f""",b'RT Like This Tweet and Enjoy the Magic \xf0\x9f\x98\x81\xf0\x9f\x98\x81\xf0\x9f\x98\x81 #2020Wrapped',"b'Thank you for spending 4,508 minutes with me this year on You are my #1 #2020Wrapped https://t.co/M9ec3MQlLA \xf0\x9f\x98\x8d\xf0\x9f\x98\x8d'",b'This is how my year sounded on Get your 2020 Wrapped now #2020Wrapped https://t.co/PYft7gTFIx',b'RT good question here u go \xf0\x9f\x8e\xb6 please confirm Space as a music genre thank u #2020wrapped https://t.co/G1s84xqj4k ht\xe2\x80\xa6',b'#2020Wrapped Like coba\xf0\x9f\x91\x80',b'RT These are the tracks that kept us company this year in #2020Wrapped How important were these songs to you https://t\xe2\x80\xa6',b'RT This is how my year sounded on Get your 2020 Wrapped now #2020Wrapped https://t.co/wY0c6rUcyN',b'This is how my year sounded on Get your 2020 Wrapped now #2020Wrapped https://t.co/uQcNRRah5t',b'Jajajaj q no se note la tusa These were the songs I had on repeat this year What were yours #2020Wrapped https://t.co/cK5Ck8fePG',b'Thank you for spending 530 minutes with me this year on You are my #1 #2020Wrapped https://t.co/HRMGnL3WBP',"b""RT Is your #2020Wrapped Top Artist on this list \xf0\x9f\x91\x91 Comment below on who's your #1! https://t.co/rC7KwpQK3u https://t.co/\xe2\x80\xa6""",b'RT Please Bring my Cousin home #KeaDrive #Babes wodumo #duduzane #2020Wrapped #GBVmustfall #Randburg https://t.co/ehWVu\xe2\x80\xa6',b'RT _india_ \xf0\x9f\x8e\x89Congratulations to Taehyung For being named #9 Top Male KPop artistGlobally &amp having 2 of his OSTs as Top Streamed Ko\xe2\x80\xa6',b'Coba like #2020Wrapped',b'This is how my year sounded on Get your 2020 Wrapped now #2020Wrapped https://t.co/0yGotuA7Kq',"b'Thank you _champs for spending 10,758 minutes with me this year on You are my #1 #2020Wrapped https://t.co/cY9VfrzxfI'","b'RT ""It\xe2\x80\x99s Definitely You by Jin and V is the #5 Top Streamed Korean OST Globally on Spotify\xe2\x80\x99s #2020Wrapped https://t.co/TfYA\xe2\x80\xa6'","b'Thank you for spending 2,938 minutes with me this year on You are my #1 #2020Wrapped https://t.co/ttwWlrdWkC'","b""RT These men are the absolute gems you've loved this year for #2020Wrapped Reply below to let us know what you love about\xe2\x80\xa6""",b'RT Please Bring my Cousin home #KeaDrive #Babes wodumo #duduzane #2020Wrapped #GBVmustfall #Randburg https://t.co/ehWVu\xe2\x80\xa6',b'Hey According to Spotify I spent a s** ton of minutes listening to Hazard on repeat One of the bes https://t.co/27opHPunio',"b'Thank you for spending 4,845 minutes with me this year on You are my #1 #2020Wrapped https://t.co/DezgDtVE3U'","b'oMGGG GUYS U SHOULD TRY THIS OUT , click the like button \xf0\x9f\x98\xb3 #2020Wrapped'","b""RT These men are the absolute gems you've loved this year for #2020Wrapped Reply below to let us know what you love about\xe2\x80\xa6""","b'Thank you for spending 2,499 minutes with me this year on You are my #1 #2020Wrapped https://t.co/QeSmBlef2D'","b'Thank you for spending 1,210 minutes with me this year on You are my #1 #2020Wrapped https://t.co/gc8K2njGCK'",b'Thank you for spending 690 minutes with me this year on You are my #1 #2020Wrapped https://t.co/ajNFNUnu8W',b'Thank you for spending 847 minutes with me this year on You are my #1 #2020Wrapped https://t.co/GcvzbUetB8 \xe2\x99\xa1',"b""RT Is your #2020Wrapped Top Artist on this list \xf0\x9f\x91\x91 Comment below on who's your #1! https://t.co/rC7KwpQK3u https://t.co/\xe2\x80\xa6""","b'Thank you for spending 4,080 minutes with me this year on You are my #1 #2020Wrapped'",b'Thank you for spending 493 minutes with me this year on You are my #1 #2020Wrapped https://t.co/wcohJEMClk',b'go like this rn #2020Wrapped',b'RT _Horn_ Thank you to everyone who has spent their 2020 with me and my music It\xe2\x80\x99s been a rough year but the music with get us thr\xe2\x80\xa6',b'My top song of 2020 What was yours #2020Wrapped https://t.co/zo0zaAWm7b',b'Spotify Soars to Record Amid #2020Wrapped Buzz https://t.co/ax1orxxglR Guilty as charged I think the year in rev https://t.co/1XbZNLsg07',"b""RT Is your #2020Wrapped Top Artist on this list \xf0\x9f\x91\x91 Comment below on who's your #1! https://t.co/rC7KwpQK3u https://t.co/\xe2\x80\xa6""","b""RT Who's the #1 artist in your #2020Wrapped \xf0\x9f\x91\x80\xe2\xa4\xb5\xef\xb8\x8f""",b'_twt 2020 Wrapped 92 Countries 85.3M Listeners 271.2M Hours 4.7B Streams #SpotifyWrapped #2020Wrapped #spotifyxbts',"b""RT Is your #2020Wrapped Top Artist on this list \xf0\x9f\x91\x91 Comment below on who's your #1! https://t.co/rC7KwpQK3u https://t.co/\xe2\x80\xa6""","b'Thank you for spending 5,773 minutes with me this year on You are my #1 #2020Wrapped https://t.co/auu8OhZTD0'","b'Thank you _twt for spending 10,753 minutes with me this year on You are my #1 #2020Wrapped https://t.co/gz0G6P19Uw'","b""You are my #1 this year on Top 0.5 of your listeners apparently It's been a pleasure https://t.co/g0mKejiox8""",b'RT This is what your #2020Wrapped soundtrack looked like according to the data Which of these tracks are you STILL not o\xe2\x80\xa6',b'This is how my year sounded on Get your 2020 Wrapped now #2020Wrapped https://t.co/wJ506Ts21o',"b""RT Is your #2020Wrapped Top Artist on this list \xf0\x9f\x91\x91 Comment below on who's your #1! https://t.co/rC7KwpQK3u https://t.co/\xe2\x80\xa6""","b'Thank you for spending 2,087 minutes with me this year on You are my #1 #2020Wrapped https://t.co/17R4YPF228'",b'RT _UK Media reported on #2020Wrapped Kim Taehyung\xe2\x80\x99s \xe2\x80\x98Sweet Night ranked number one as the most-streamed Korean OST followed by \xe2\x80\x98Stay\xe2\x80\xa6',b'Thank you for spending 51.269 minutes with me this year on You are my #1 #2020Wrapped https://t.co/UPHw0DmsxG',"b'Thank you for spending 1,350 minutes with me this year on You are my #1 #2020Wrapped https://t.co/rgihjusVHI'",b'Definitely played this to death for that breakdown love to do a rap remix #2020Wrapped https://t.co/0KxvpN9oLG',b'RT This is what your #2020Wrapped soundtrack looked like according to the data Which of these tracks are you STILL not o\xe2\x80\xa6',"b""RT Is your #2020Wrapped Top Artist on this list \xf0\x9f\x91\x91 Comment below on who's your #1! https://t.co/rC7KwpQK3u https://t.co/\xe2\x80\xa6""",b'RT Swerve??? #2020Wrapped https://t.co/07WaqNPesQ',"b'Thank you for spending 18,399 minutes with me this year on You are my #1 #2020Wrapped https://t.co/wxYIiFLkio'","b'Thank you for spending 6,003 minutes with me this year on You are my #1 #2020Wrapped https://t.co/b4BD8YGFMF'",b'RT Thank you to for making home a better place for us fans Find out how you listened this year with #2020Wrapp\xe2\x80\xa6',b'RT listened to IDEKHN 186 times #2020Wrapped https://t.co/bvIqZ7yfbf',"b'Thank you for spending 1,683 minutes with me this year on You are my #1 #2020Wrapped https://t.co/SSJJoYhfNl'",b'RT Thank you Megan for reminding us we\xe2\x80\x99re savage all year long. Find out how you listened this year with #2020Wrap\xe2\x80\xa6',b'My Top 5 Artists of 2020 Who were yours #2020Wrapped https://t.co/YqBsbRip1N',b'This is how my year sounded on Get your 2020 Wrapped now #2020Wrapped https://t.co/eWzynKJ3Hm',"b""RT Is your #2020Wrapped Top Artist on this list \xf0\x9f\x91\x91 Comment below on who's your #1! https://t.co/rC7KwpQK3u https://t.co/\xe2\x80\xa6""",b'From #2020Wrapped to #2020Strapped https://t.co/HFcHKsK9MM',b'RT i dont use spotify but retweet my gfm yass #2020Wrapped https://t.co/626KW6xkOG',b'This year I explored new sounds What were your top genres of 2020 #2020Wrapped https://t.co/S4ZbtqyexU'
b'RT @_DharshiniPriya RT if you are Online? #Master #28YearsOfBelovedVIJAY',"b""RT _Kettavan97 Ajith Fans Are Using Spam Tag Thalapathis Don't Confuse \xf0\x9f\x98\xa1\xf0\x9f\x98\xa1 #28YearsOfBelovedVIJAY \xe2\x9d\x8c\xe2\x9d\x8c #28YearsOfBeIovedVIJAY \xe2\x9c\x94\xef\xb8\x8f\xe2\x9c\x94\xef\xb8\x8f T\xe2\x80\xa6""",b'RT Best Wishes To Anna Completing 28 Years Of Cinema Industry Behalf _offl Anna Fans \xf0\x9f\x92\x99\xf0\x9f\x92\x90 Hearty Wishes\xe2\x80\xa6',b'RT Wishing #Thalapathy sir for #28YearsOfBelovedVIJAY',b'RT Tell your comments about CDP with the tag \xf0\x9f\x98\x8e\xf0\x9f\x92\xa5 #28YearsOfBelovedVIJAY #Master',b'RT _Master7 May I Come In..! \xf0\x9f\x98\x8e\xf0\x9f\x94\xa5 #28YearsOfBelovedVIJAY #Master \xf0\x9f\x91\x91',b'RT 200K TWEETS \xf0\x9f\x99\x8c #28YearsOfBelovedVIJAY #Master',b'RT #Master Team Special Surprise Coming 12:00AM \xf0\x9f\x99\x8c\xf0\x9f\x8f\xbb\xe2\x99\xa5\xef\xb8\x8f #28YearsOfBelovedVIJAY #Master',b'Thalapathy Fan From Japan \xf0\x9f\x92\x9a\xf0\x9f\x94\xa5 #28YearsOfBelovedVIJAY #Master https://t.co/0akVvGLuia',b'RT Tag Reached 300K tweets!\xf0\x9f\x94\xa5\xf0\x9f\x92\xaf #28YearsOfBelovedVIJAY #Master',b'Congratulations Thalapathy sir for completing 28 Years in Indian Cinema. Wishing on behalf of https://t.co/waA6EMS1i4',b'RT Mass #28YearsOfBelovedVIJAY CDP design by \xf0\x9f\x98\x8e #Master https://t.co/WmVnXpmMPK',b'RT Crossed 450K tweets and now marching towards 500K tweets \xf0\x9f\x92\xa5 #28YearsOfBelovedVIJAY #Master',b'RT Wishing #Thalapathy sir for #28YearsOfBelovedVIJAY',b'RT Happy To Release The Special CDP For dear ThalapathyVIJAY Anna #28YearsOfVijayism #28YearsOfBelovedVIJAY #Master\xe2\x80\xa6',b'RT 500K tweets loading \xf0\x9f\x94\xa5\xf0\x9f\x94\xa5 #28YearsOfBelovedVIJAY #Master',b'RT 455K TWEETS \xf0\x9f\xa4\x9f\xf0\x9f\x92\xa5 #28YearsOfBelovedVIJAY #Master',b'\xf0\x9f\x94\xb9King of Dance\xf0\x9f\x95\xba \xf0\x9f\x94\xb8King of TRP\xf0\x9f\xa4\x99 \xf0\x9f\x94\xb9King of Opening \xf0\x9f\x92\xa5 \xf0\x9f\x94\xb8King of Social Media\xf0\x9f\x98\x8e \xf0\x9f\x94\xb9King of Kollywood\xf0\x9f\x91\x91 \xf0\x9f\x94\xb8Samrat of Southin https://t.co/1Tix1O6qs6',b'RT Congratulations To Thalapathy Gaaru For Completing 28Years in Film Industry All The Best For #Master \xf0\x9f\x91\x8d Hea\xe2\x80\xa6',b'RT _OfficiaI Our TAG is Marching towards 450 K Tweets ! Konjam SPEED yethu Mappi.. TAG #28YearsOfBelovedVIJAY #Master \xe2\x80\xa6',"b""RT __Memes The Man Who Rises His Voice Against Odds Didn't he Noticed Whether it is Central or State Govt That Courage From Th\xe2\x80\xa6""",b'RT Our tag has crossed 400K tweets \xf0\x9f\x94\xa5\xf0\x9f\x94\xa5 #28YearsOfBelovedVIJAY #Master',"b""RT No one can Stop Thalapathy Fans Trending Worldwide If anything happening interestingly about Thalapathy ! That's the Po\xe2\x80\xa6""",b'RT _twtzz 14 films for #Thalapathy in last 10 years with..!! 13 different Producers 13 different Heroines 10 different Directors\xe2\x80\xa6',b'RT _Comrade36 Guys This This Correct Tag \xf0\x9f\x91\x87 Spread Maximum \xf0\x9f\x8e\x89\xf0\x9f\x91\x8d #28YearsOfBelovedVIJAY #Master',b'RT __Memes The Man Made His Every Failure into the stepping Stones of Massive Success He is so Calm &amp Focused on Work Beleive\xe2\x80\xa6',b'RT _Ajiii How many RTs for this MASSIVE CDP \xf0\x9f\x98\x8e\xf0\x9f\x92\xa5\xf0\x9f\x92\xa5\xf0\x9f\x92\xa5!! #28YearsOfBelovedVIJAY #Master https://t.co/YI9qDUjVAU',b'RT Here\xe2\x80\x99s the much awaited CDP for #28YearsOfBelovedVIJAY The celebrations have just began \xf0\x9f\x98\x89 Design by #\xe2\x80\xa6',"b""RT Here's a special common DP for #28YearsOfBelovedVIJAY by _Offl #ChiyaanVikram fans #Cobra #Master https://t.co/FHr\xe2\x80\xa6""",b'RT _Offl Best International Actor Box office king social media king Man of mass king of opening Record breaker Mass of\xe2\x80\xa6',b'RT __Memes Marching Towards 500K Tweets \xf0\x9f\x94\xa5#28YearsOfBelovedVIJAY #Master !!!',"b""RT _Off How it Started How it's Going #28YearsOfBelovedVIJAY #Master https://t.co/9ehOJrr0\xe2\x80\xa6""",b'RT Crossed 450K tweets and now marching towards 500K tweets \xf0\x9f\x92\xa5 #28YearsOfBelovedVIJAY #Master',b'RT _c Here is the CDP for 28 years of Vijayism by \xf0\x9f\x98\x8e #28YearsOfBelovedVIJAY https://t.co/Hf02BRyqLt',b'RT Crossed 450K tweets and now marching towards 500K tweets \xf0\x9f\x92\xa5 #28YearsOfBelovedVIJAY #Master',b'RT How fast can we achieve 500K Tweets ? #28YearsOfBelovedVIJAY #Master',b'RT 28 Years of VIJAYISM Common DP is here _Lokesh #28YearsOfBelovedVIJAY https://t.co/3dTO1IEHuT',b'28 years of Vijayism special design #28YearsOfBelovedVIJAY #Master | | _OfficiaI https://t.co/FiHfyNVUcc',b'RT Here\xe2\x80\x99s the much awaited CDP for #28YearsOfBelovedVIJAY. Design by \xf0\x9f\x91\x8c\xf0\x9f\x91\x8c #Master #ThalapathyVijay\xe2\x80\xa6',"b""RT _Rules Here's the CDP #28YearsOfBelovedVIJAY #Master https://t.co/zPQaRxO6Vw""",b'The Man Of Cuteness \xf0\x9f\xa5\xb0 Man Of Masss.\xf0\x9f\x92\xa5 Man Of Simplicity \xf0\x9f\xa4\x97 Man Of Styles\xf0\x9f\xa4\xa9 Man Of Action \xf0\x9f\x99\x8c Lotz of These thingz Behi https://t.co/WXZKuLt8tw',b'RT Crossed 450K tweets and now marching towards 500K tweets \xf0\x9f\x92\xa5 #28YearsOfBelovedVIJAY #Master',b'RT Crossed 450K tweets and now marching towards 500K tweets \xf0\x9f\x92\xa5 #28YearsOfBelovedVIJAY #Master',b'RT Crossed 450K tweets and now marching towards 500K tweets \xf0\x9f\x92\xa5 #28YearsOfBelovedVIJAY #Master',b'RT Here\xe2\x80\x99s the much awaited CDP for #28YearsOfBelovedVIJAY Design by #Master #ThalapathyVijay https:\xe2\x80\xa6',b'RT Highest rated Thalapathy Vijay movies in IMDB #Master going to TOP the list #28YearsOfBelo\xe2\x80\xa6',b'RT 500K tweets loading \xf0\x9f\x94\xa5\xf0\x9f\x94\xa5 #28YearsOfBelovedVIJAY #Master',b'RT #Master Team Special Surprise Coming 12:00AM \xf0\x9f\x99\x8c\xf0\x9f\x8f\xbb\xe2\x99\xa5\xef\xb8\x8f #28YearsOfBelovedVIJAY #Master',b'RT #Master Team Special Surprise Coming 12:00AM \xf0\x9f\x99\x8c\xf0\x9f\x8f\xbb\xe2\x99\xa5\xef\xb8\x8f #28YearsOfBelovedVIJAY #Master',b'RT @_DharshiniPriya King of Kollywood and King of our Hearts \xe2\x9d\xa4\xf0\x9f\x94\xa5 #Master #28YearsOfBelovedVIJAY https://t.co/YYO76FljZ8',b'RT _Vivek Super Happy To Release The Brand New Special Poster For dear Thalapathy and dear sis Nithya \xf0\x9f\xa4\x97\xf0\x9f\x98\x8d#28YearsOfVijayism Desi\xe2\x80\xa6',b'RT Our Hearty congratulations to THALAPATHY #28YearsOfBelovedVIJAY https://t.co/g4lR3FlKU7',b'RT _Vijay 450K Tweets done \xe2\x9d\xa4\xef\xb8\x8f\xf0\x9f\x91\x8a #28YearsOfBelovedVIJAY #Master',b'RT _0 Best wishes to for completing 28 Successful Years in Film Industry on behalf of #PawanKalyan Fans.. #28Y\xe2\x80\xa6',b'RT 500K tweets loading \xf0\x9f\x94\xa5\xf0\x9f\x94\xa5 #28YearsOfBelovedVIJAY #Master',b'RT \xf0\x9f\x94\xb9Most RTed &amp LIKED FL in INDIA \xf0\x9f\x94\xb9Most Watched Teaser&amp;Trailer in KW \xf0\x9f\x94\xb9Most Liked Lyric Video in KW \xf0\x9f\x94\xb9Most Tweeted Movie Title\xe2\x80\xa6',b'RT 28 years of his career is the most inspiring thing ever He has given all the Happiness Motivation Energy Life Lessons to\xe2\x80\xa6',b'RT #Master Fans Celebrating our Thalapathy 28 Years of Massssssive Journey \xf0\x9f\x99\x8f\xf0\x9f\x8f\xbb\xf0\x9f\x94\xa5 #28YearsOfBelovedVIJAY',b'RT 500K tweets before 8Pm?? #28YearsOfBelovedVIJAY #Master',b'RT _MersalImran 450K Tweets Dusted \xf0\x9f\x94\xa5\xf0\x9f\x92\xa5\xf0\x9f\x98\xb1 #28YearsOfBelovedVIJAY',b'RT _0 Best wishes to for completing 28 Successful Years in Film Industry on behalf of #PawanKalyan Fans.. #28Y\xe2\x80\xa6',b'500K Loading \xf0\x9f\x92\xa5 #28YearsOfBelovedVIJAY #Master https://t.co/rEGZjtcl6M',"b""RT Attention : Don't use spam tag #28YearsOfBelovedVIJAY \xe2\x9c\x94 Keep Tweeting with this tag\xf0\x9f\x94\x83 #Master""",b'RT Here\xe2\x80\x99s the much awaited CDP for #28YearsOfBelovedVIJAY. Design by \xf0\x9f\x91\x8c\xf0\x9f\x91\x8c #Master #ThalapathyVijay\xe2\x80\xa6',b'RT Tag speed in beast mode \xf0\x9f\x92\xa5\xf0\x9f\x92\xa5 #28YearsOfBelovedVIJAY #Master',b'RT #Thalapathy which award got for Mersal \xf0\x9f\x91\x80 #CDP #28YearsOfBelovedVIJAY #Master',b'RT _CDT OFFICIAL CDP\xe2\x9d\xa4\xef\xb8\x8f #28YearsOfBelovedVIJAY https://t.co/eifk4OBwO3',"b""RT _Offl He is not an actor who runs away from People's problem He is our Beloved Brother who always stand with us for the People \xe2\x80\xa6""",b'RT __Memes Smashing Common DP From Brother \xf0\x9f\x94\xa5 #28YearsOfBelovedVIJAY #Master https://t.co/UIQOWBr1Xn',b'RT Mass #28YearsOfBelovedVIJAY CDP design by \xf0\x9f\x98\x8e #Master https://t.co/WmVnXpmMPK',b'RT Get Ready for the 2nd Unknown Fact ! #28YearsOfBelovedVIJAY #Master',b'RT 28 years Of our very own Thalapathy\xf0\x9f\xa5\xb3\xf0\x9f\x94\xa5 From naalaiya theerpu till bigil His growth is phenomenal and an inspiration to man\xe2\x80\xa6',"b""RT Here's Special COMMON DP to celebrate 28 years of beloved #ThalapathyVijay anna Design from our side !\xf0\x9f\x98\x87\xe2\x9d\xa4\xef\xb8\x8f #28YearsOfBel\xe2\x80\xa6""","b""RT _soul___ You can Troll him Break him Hate him Abuse him But never think to Stop #Thalapathy's Growth.The more you criticize\xe2\x80\xa6""",b'RT Reached 450K Tweets \xe2\x9c\x8c\xf0\x9f\x94\xa5 #28YearsOfBelovedVIJAY #Master',"b""RT _VJ It's a 24 hours trend and our target must be achieved and our final count must be beyond that Keep that in mind as tomo\xe2\x80\xa6""",b'RT _vijay Man of Mass Man of Cuteness Humble Character King of Box-office Collection Mannan Good Brother To His Fans \xe2\x9c\x94\xe2\x80\xa6',b'RT Crossed 450K tweets and now marching towards 500K tweets \xf0\x9f\x92\xa5 #28YearsOfBelovedVIJAY #Master',"b'#28YearsOfBelovedVIJAY TOP CELEBRATING TAGS FOR ACTORS OCCASIONS IN 1 BIRTHDAY TAG 2 ANNIVERSARY TAG 3, https://t.co/BDU5qZgDh3'",b'RT _0 Best wishes to for completing 28 Successful Years in Film Industry on behalf of #PawanKalyan Fans.. #28Y\xe2\x80\xa6',b'RT Crossed 450K tweets and now marching towards 500K tweets \xf0\x9f\x92\xa5 #28YearsOfBelovedVIJAY #Master',b'RT Happy to release for Anna \xf0\x9f\x91\x8d\xf0\x9f\x98\x8d\xf0\x9f\xa4\x97 Here Is The #28YearsOfVIJAYism #28YearsOfBelovedVIJAY #thalapathi #actorvijay\xe2\x80\xa6',b'RT 2 Minutes \xe2\x9c\x8c #28YearsOfBelovedVIJAY #Master',b'RT _Vijay Trending worldwide \xf0\x9f\x99\x8c #28YearsOfBelovedVIJAY #Master',b'RT 500k tweets are on the way \xf0\x9f\x92\xa5\xf0\x9f\x94\xa5 #28YearsOfBelovedVIJAY #Master',b'RT Our tag has now crossed 350K tweets \xf0\x9f\x94\xa5\xf0\x9f\x94\xa5 #28YearsOfBelovedVIJAY #Master',"b""RT _OfficiaI #Throwback !! Thalapathy #Vijay's top gesture to put a smile on Arsheya's face who was grieving the loss of her father\xe2\x80\xa6""",b'Are You a Proud anna fan #28YearsOfBelovedVIJAY #Master MASTER \xf0\x9f\x98\x8d\xf0\x9f\x94\xa5 Yes Yes https://t.co/MvUIfKt04g',b'RT _Offl 450K Tweets Has Been Successfully Smashed \xf0\x9f\x98\x8e #28YearsOfBelovedVIJAY #Master',b'RT Another excellent design \xf0\x9f\x91\x8f\xf0\x9f\x91\x8f #28YearsOfBelovedVIJAY #Master https://t.co/hx6EbYwr13',b'RT _Rohith5 \xf0\x9f\x94\xb9King of Dance\xf0\x9f\x95\xba \xf0\x9f\x94\xb8King of TRP\xf0\x9f\xa4\x99 \xf0\x9f\x94\xb9King of Opening \xf0\x9f\x92\xa5 \xf0\x9f\x94\xb8King of Social Media\xf0\x9f\x98\x8e \xf0\x9f\x94\xb9King of Kollywood\xf0\x9f\x91\x91 \xf0\x9f\x94\xb8Samrat of Southindian BO\xf0\x9f\x94\xa5\xe2\x80\xa6',b'RT Only actor to have BB in all Genere. #PooveUnakkaga-Family #KM-Luv Story #TMT-Musical Drama #Friends-Comedy #Ghilly-Act\xe2\x80\xa6',"b""RT Here's a special common DP for #28YearsOfBelovedVIJAY by _Offl #ChiyaanVikram fans #Cobra #Master https://t.co/FHr\xe2\x80\xa6""",b'RT Verithanam \xf0\x9f\x94\xa5\xf0\x9f\x94\xa5\xf0\x9f\x94\xa5 #28YearsOfBelovedVIJAY https://t.co/J1SItlxnTU',"b'RT _Shanu From #NaalayaTheerpu To #Master 64 Films 34 Songs One Man,Million Emotions Lot of Struggles Problems, Avoidance Criticis\xe2\x80\xa6'",b'RT _anas1 If you Really want to Break the Previous Records \xf0\x9f\x98\x8e Then Tweet and Retweet Maximum\xf0\x9f\x8c\x9f #28YearsOfBelovedVIJAY #Ma\xe2\x80\xa6',"b'RT _06 Here is the 28 Years of Thalapathy Built it step by step Efforts,Hardwork,Dedication..\xf0\x9f\xa5\xb3 King of Kollywood #ThalapathyVija\xe2\x80\xa6'",b'RT #Master Fans Celebrating our Thalapathy 28 Years of Massssssive Journey \xf0\x9f\x99\x8f\xf0\x9f\x8f\xbb\xf0\x9f\x94\xa5 #28YearsOfBelovedVIJAY',b'RT _expiry1 Which CDP Poster Is Mass #ThalapathyVijay RT \xf0\x9f\x94\x83 #Ajith Like \xe2\x9d\xa4 #28YearsOfBelovedVIJAY #Master https://t\xe2\x80\xa6',b'RT #28YearsOfBelovedVIJAY Tag Smashed MASSive 250K Tweets. Thalapathy Fans Rage #Master'
"b'RT _VillainISM King OF ""Dance \xf0\x9f\x95\xba King OF ""Mass \xf0\x9f\xa4\xab King OF ""Smile \xf0\x9f\x98\x8a King OF ""Style \xf0\x9f\x98\x8c King OF ""Social Media \xf0\x9f\x94\xa5 This Name Is ""Thalapath\xe2\x80\xa6'",b'RT 275K tweets registered \xf0\x9f\x91\x8a\xf0\x9f\x94\xa5 Can we reach 300K before 7.00 PM?\xf0\x9f\xa4\x94\xf0\x9f\x94\xa5 #28YearsOfBelovedVIJAY #Master',b'RT _Off Boom \xf0\x9f\x92\xa5\xf0\x9f\x92\xa5 Trending Worldwide \xf0\x9f\x95\xba\xf0\x9f\x92\x83 #28YearsOfBelovedVIJAY #Master https://t.co/7vKRpgXWeI',"b'RT _ Here is My #28YearsOfVIJAYISM Special DP design\xe2\x9c\xa8 ICON OF MILLIONS "" Design By _Hariharan #Master \xe2\x80\xa6'",b'28 Years Of Inspirational Journey..\xe2\x9d\xa4 #28YearsOfBelovedVIJAY #Master',b'RT _OfficiaI How many of you noted the Poster with #SaveFarmers in the #28YearsOfVIJAYISM CDP Detailed One !!\xf0\x9f\x91\x8c\xe2\x80\xa6',b'RT Superior By Labour \xf0\x9f\x91\x91\xe2\x99\xa5\xef\xb8\x8f #28YearsOfBelovedVIJAY #Master https://t.co/GlnTrrMY7O',b'RT @_DharshiniPriya Which Is Your Favorite Role Played By Thalapathy Vijay ?\xf0\x9f\xa4\x94 #28YearsOfBelovedVIJAY #Master',b'RT Are You Proud Of anna fan #Master #28YearsOfBelovedVIJAY Yes Yes Yes \xf0\x9f\x91\x87\xe2\x80\xa6',b'RT Make Way for The Master !\xf0\x9f\x91\x91\xf0\x9f\x92\xa5 Happy to Release the Special CDP Design from Team Designed by _\xe2\x80\xa6',b'RT 28 Years Of Inspirational Journey \xf0\x9f\x98\xbb #28YearsOfBelovedVIJAY #Master',b'RT Small Time Here...Settle this Can I Get 50 RT with 20 Minutes Its Possible Add #Master \xf0\x9f\x92\xa5\xf0\x9f\x94\xa5 #28YearsOfBelov\xe2\x80\xa6',b'RT Whether u accept or not at present Thalapathy is the No.1 Star Of South Indian Flim Industry \xf0\x9f\x98\x8e Thalapathy Vijay \xf0\x9f\x91\x91\xf0\x9f\x92\xa5\xe2\x80\xa6',b'RT 20M views within 1 day for Master teaser \xf0\x9f\xa4\xab\xf0\x9f\x92\xa5 #28YearsOfBelovedVIJAY #Master #Thalapathy https://t.co/3yt6CmVV\xe2\x80\xa6',b'RT There Are TWO Types Of CDP !\xf0\x9f\x98\x89 #28YearsOfBelovedVIJAY #Master \xe0\xae\x87\xe0\xae\xa4 CDP \xe0\xae\x87\xe0\xae\xa4\xe0\xaf\x81\xe0\xae\xb5\xe0\xaf\x81\xe0\xae\xae CDP ht\xe2\x80\xa6',b'Our cute thalapathy \xe2\x9d\xa4\xe2\x9d\xa4\xe2\x9d\xa4 #Master #28YearsOfBelovedVIJAY https://t.co/nXISdgxglD',b'RT __Memes Glad to release the Special Design for 28Yrs of Thalapathism \xe2\x9d\xa4\xef\xb8\x8f Team \xf0\x9f\x98\x87 Design _Off \xf0\x9f\x91\x8f\xf0\x9f\x8f\xbb #28Ye\xe2\x80\xa6',b'RT 300K Tweets Surpassed Now..! Just 2min to Go Official Trendsetting CDP\xe2\x9d\xa4 #28YearsOfBelovedVIJAY #MASTER',b'The Much awaited Common DP is Here \xe2\x9d\xa4\xef\xb8\x8f Designed by #28YearsOfBelovedVIJAY #Master https://t.co/vEtJKwqArn',b'#28YearsOfBelovedVIJAY 500K TWEETS LOADING \xf0\x9f\x8c\xaa\xef\xb8\x8f #Master',b'RT _Vijay Reply your Most Fav Pic of our Thalapathy \xe2\x9d\xa4 Add tags \xf0\x9f\x91\x8d #28YearsOfBelovedVIJAY #Master',"b""RT Here's a special common DP for #28YearsOfBelovedVIJAY by _Offl #ChiyaanVikram fans #Cobra #Master https://t.co/FHr\xe2\x80\xa6""","b""RT _Mahendran Here is the 's Special Design For #Master 's 28 Years of VIJAYism Celebration \xf0\x9f\x92\xa5 Love you \xe2\x80\xa6""",b'#Priyamudan was the inspiration for #Ajith to do #Vaali After watching Priyamudan Ajith expressed that he sho https://t.co/WtIbyEKz7w',b'RT _surya43 CEO IN THE HOUSE \xf0\x9f\x94\xa5\xf0\x9f\x94\xa5 #28YearsOfBelovedVIJAY #Master https://t.co/U6Z0RIEKuH',b'RT __Memes Smashing Common DP From Brother \xf0\x9f\x94\xa5 #28YearsOfBelovedVIJAY #Master https://t.co/UIQOWBr1Xn',b'RT Charge your phones : Full Brightness Please... 7pm\xf0\x9f\x94\xa5 #28YearsOfBelovedVIJAY #Master',b'RT Tag Marching Towards 400K Tweets \xf0\x9f\x98\x8e\xf0\x9f\x92\xa5\xf0\x9f\x94\xa5 #28YearsOfBelovedVIJAY #Master',"b""RT _VJ How many of us here noted the #SaveFarmers tag in the CDP which has been always our Thalapathy's sayings #Master #28Year\xe2\x80\xa6""",b'#28YearsOfBelovedVIJAY Dont forget our targer 4M but this speed not enough for completing our target.. Rt fast guys . #Master',b'RT 28 years of his career is the most inspiring thing ever He has given all the Happiness Motivation Energy Life Lessons to\xe2\x80\xa6',b'RT Happy To Release The Special CDP For dear ThalapathyVIJAY Anna #28YearsOfVijayism #28YearsOfBelovedVIJAY #Master\xe2\x80\xa6',b'RT _addict Yow spam tag delete and copy paste #28YearsOfBelovedVIJAY #Master',b'RT _Smokker_420 Pure Domination \xf0\x9f\x92\xaa\xf0\x9f\x92\xa5\xf0\x9f\x94\xa5 #Master #28YearsOfBelovedVIJAY',b'King Of Kollywood \xf0\x9f\x92\xaf\xf0\x9f\x91\x91 #28YearsOfBelovedVIJAY #Master https://t.co/JKqomBXuMR',b'RT So many reasons to celebrate him so many moments he had given us to cherish Each phase of his career been so important no\xe2\x80\xa6',b'RT Question -2 ! The super-racy Bairavaa theme was used in a Bollywood film which also featured posters of Thalapathy VIJ\xe2\x80\xa6',b'RT Congratulations Thalapathy Na For Completing 28 Years In Cinema Industry No One Can Reach Your Place na K\xe2\x80\xa6',b'RT 10 mins to begin the celebrations RETWEET if you are all SET and ready! #Master',b'#28YearsOfBelovedVIJAY Celebration \xf0\x9f\xa5\xb3\xf0\x9f\x92\x99 Special Design To Our Thalapathy By _Karthi \xf0\x9f\x92\x9b\xe2\x9c\xa8 #Master https://t.co/asWS61Lpp1',"b""RT No other Actor can match Thalapathy's Stardom and BoxOffice \xf0\x9f\x98\x8e\xf0\x9f\x98\x8e\xf0\x9f\x98\x8e\xf0\x9f\x98\x8e #Master #28YearsOfBelovedVIJAY https://t.co/9\xe2\x80\xa6""",b'RT No matter how long it takes for the film\xe2\x80\x99s release #Master will still come as a celebration \xe2\x80\xa6',b'RT 300 RT for name THALAPATHY VIJAY \xf0\x9f\x98\x89\xe2\x9d\xa4\xef\xb8\x8f\xf0\x9f\x92\xa5 #28YearsOfBelovedVIJAY #Master #Thalapathy https://t.co/tbElbnKHeo',b'RT Mass #28YearsOfBelovedVIJAY CDP design by \xf0\x9f\x98\x8e #Master https://t.co/WmVnXpmMPK',"b""RT _06 2013 Thalaivaa The film gives lot of pressure to Vijay from Politicians After 11 Days the film release in TN theater's\xe2\x80\xa6""","b'RT _Cinema To all those who says ""VIJAY won\'t do Experimental Movies #Master #28YearsOfBelovedVIJAY https://t.co/0BgmIieYln'",b'RT _Vijay CDP LOADING \xf0\x9f\x98\x89\xe2\x9d\xa4\xef\xb8\x8f #28YearsOfBelovedVIJAY #Master',b'RT _OfficiaI How many of you noted the Poster with #SaveFarmers in the #28YearsOfVIJAYISM CDP Detailed One !!\xf0\x9f\x91\x8c\xe2\x80\xa6',b'RT Crossed 450K tweets and now marching towards 500K tweets \xf0\x9f\x92\xa5 #28YearsOfBelovedVIJAY #Master',"b'RT _Cinema To all those who says ""VIJAY won\'t do Experimental Movies #Master #28YearsOfBelovedVIJAY https://t.co/0BgmIieYln'",b'RT 1984 Child Actor 1992 Debut Lead Actor 1996 Romantic Hero 1999 Best Actor 2002 Mass Hero 2004 BO Hero 2011 -\xe2\x80\xa6',b'RT TOP OF INDIA TRENDS \xf0\x9f\x94\xa5\xf0\x9f\x94\xa5 #28YearsOfBelovedVIJAY #Master',b'RT _surya43 CEO IN THE HOUSE \xf0\x9f\x94\xa5\xf0\x9f\x94\xa5 #28YearsOfBelovedVIJAY #Master https://t.co/U6Z0RIEKuH',"b""RT In 2011 We're Not Ready To Release Any Of The Upcoming Vijay Films In Theatre . In 2020 Only ThalapathyVijay #Master Fil\xe2\x80\xa6""",b'RT _son The one proves Alwayssss Tat Age is Just a number to this Man My Thalapathy\xf0\x9f\x98\x8d\xf0\x9f\x98\x89\xf0\x9f\x98\x8d #Master #28YearsOfBelovedVIJA\xe2\x80\xa6',b'RT _Vivek Super happy to release the Special Design for 28Yrs of our #Thalapathy in the industry \xf0\x9f\x98\x8d\xe2\x9d\xa4\xef\xb8\x8f Team \xf0\x9f\x98\x87 De\xe2\x80\xa6',b'RT 28 years of his career is the most inspiring thing ever He has given all the Happiness Motivation Energy Life Lessons to\xe2\x80\xa6',b'RT Tell your comments about CDP with the tag \xf0\x9f\x98\x8e\xf0\x9f\x92\xa5 #28YearsOfBelovedVIJAY #Master',b'RT Don\xe2\x80\x99t type the tag Just copy &amp paste from our pinned tweet \xf0\x9f\x91\x8d #28YearsOfBelovedVIJAY #Master',b'RT Happy To Release Special CDP Design for #28YearsOfVIJAYISM \xf0\x9f\x92\x96\xf0\x9f\x92\xa5\xf0\x9f\x94\xa5 CDP Design By _lovelysasi \xf0\x9f\x92\x96\xf0\x9f\x94\xa5 #Master | \xe2\x80\xa6',b'RT Congratulations To Thalapathy Gaaru For Completing 28Years in Film Industry All The Best For #Master \xf0\x9f\x91\x8d Hea\xe2\x80\xa6',b'RT _Rohith5 \xf0\x9f\x94\xb9King of Dance\xf0\x9f\x95\xba \xf0\x9f\x94\xb8King of TRP\xf0\x9f\xa4\x99 \xf0\x9f\x94\xb9King of Opening \xf0\x9f\x92\xa5 \xf0\x9f\x94\xb8King of Social Media\xf0\x9f\x98\x8e \xf0\x9f\x94\xb9King of Kollywood\xf0\x9f\x91\x91 \xf0\x9f\x94\xb8Samrat of Southindian BO\xf0\x9f\x94\xa5\xe2\x80\xa6',"b""RT Common DP to Celeberate 28Yrs of #ThalapathyVijay'ism in Cinema industry #28YearsOfBelovedVIJAY #Master https://t\xe2\x80\xa6""",b'RT Tag Marching Towards 400K Tweets \xf0\x9f\x98\x8e\xf0\x9f\x92\xa5\xf0\x9f\x94\xa5 #28YearsOfBelovedVIJAY #Master',b'RT Pure Verithanam \xf0\x9f\x94\xa5\xf0\x9f\x94\xa5\xf0\x9f\x94\xa5\xf0\x9f\x94\xa5\xf0\x9f\x94\xa5 #28YearsOfBelovedVIJAY #Master',b'RT Tell your comments about CDP with the tag \xf0\x9f\x98\x8e\xf0\x9f\x92\xa5 #28YearsOfBelovedVIJAY #Master',b'RT _Ajiii How many RTs for this MASSIVE CDP \xf0\x9f\x98\x8e\xf0\x9f\x92\xa5\xf0\x9f\x92\xa5\xf0\x9f\x92\xa5!! #28YearsOfBelovedVIJAY #Master https://t.co/YI9qDUjVAU',"b'RT __harish 28 Years Of Vijayism ""CDP"".....,\xf0\x9f\x94\xa5\xf0\x9f\x92\x93\xf0\x9f\x91\x8c |#Master |#28YearsOfBeIovedVIJAY https://t.co/Khng2DcDWh'","b""RT Common DP to Celeberate 28Yrs of #ThalapathyVijay'ism in Cinema industry #28YearsOfBelovedVIJAY #Master https://t\xe2\x80\xa6""",b'RT 450K Tweets \xf0\x9f\x94\xa5 50K Tweets More For 500K \xf0\x9f\x94\xa5 Let Reach It Soon #28YearsOfBelovedVIJAY #Master #28YearsOfVIJAYISM\xe2\x80\xa6',b'RT 500K tweets loading \xf0\x9f\x94\xa5\xf0\x9f\x94\xa5 #28YearsOfBelovedVIJAY #Master',b'RT _expiry1 200 RT in 5 Mins \xf0\x9f\x98\x95??? #Master #28YearsOfBelovedVIJAY',b'RT Here Is The #28YearsOfBelovedVIJAY Special Poster Designed By #Master \xe2\x80\xa6',"b""RT People's favorite Forever Thalapathy \xe2\x9d\xa4\xf0\x9f\x91\x91 #Master #28YearsOfBelovedVIJAY https://t.co/e64Fszei\xe2\x80\xa6""",b'RT Don\xe2\x80\x99t type the tag Just copy &amp paste from our pinned tweet \xf0\x9f\x91\x8d #28YearsOfBelovedVIJAY #Master',"b'RT _Cinema To all those who says ""VIJAY won\'t do Experimental Movies #Master #28YearsOfBelovedVIJAY https://t.co/0BgmIieYln'",b'RT Here Comes the Common Dp Everyone Change Your Profile Picture \xe2\x9d\xa4 #28YearsOfBelovedVIJAY #Master https://t.co/\xe2\x80\xa6',b'2014 Jilla The film gives more enthusiasm to fans Becoz of his expression and acting TAG #28YearsOfBelovedVIJAY #Master',b'RT _John Even those who are working in the Film Industry knows who is the Next Super Star and he is proving that there is no compe\xe2\x80\xa6',b'RT #Master team special poster is coming soon #28YearsOfBelovedVIJAY',"b'RT Movie #19 Priyamudan Starring ""IlayaThalapathy Vijay Kousalya Music Deva Character Name Vasanth Direction\xe2\x80\xa6'","b""RT He Overcomed All The Criticism's Like a Boss \xf0\x9f\x8c\x9f #28YearsOfBelovedVIJAY #Master""",b'RT _army Best Wishes Dear sir For Completing 28 Years Milestone In Kollywood Cinema Best Wishes From _off\xe2\x80\xa6',b'RT Best Wishes To Anna Completing 28 Years Of Cinema Industry Behalf _offl Anna Fans \xf0\x9f\x92\x99\xf0\x9f\x92\x90 Hearty Wishes\xe2\x80\xa6',b'RT #28YearsOfBelovedVIJAY \xf0\x9f\x94\xa5\xe2\x9d\xa4\xef\xb8\x8f Design by #Master #ThalapathyVijay',b'RT Here\xe2\x80\x99s the much awaited CDP for #28YearsOfBelovedVIJAY The celebrations have just began \xf0\x9f\x98\x89 Design by #\xe2\x80\xa6',b'RT Are you guys ready for the CDP at 7PM \xf0\x9f\xa7\x90 #28YearsOfBelovedVIJAY #Master',b'RT The Much awaited Common DP is Here \xe2\x9d\xa4\xef\xb8\x8f Designed by #28YearsOfBelovedVIJAY #Master https://t.co/V\xe2\x80\xa6',b'RT Can I Get 50 #Master Comments within Next 15mins?? \xf0\x9f\x92\xaa\xf0\x9f\x92\xa5\xf0\x9f\x94\xa5 #28YearsOfBelovedVIJAY',b'RT _Ghilli2 May I Come In..! \xf0\x9f\x98\x8e\xf0\x9f\x94\xa5 #28YearsOfBelovedVIJAY #Master https://t.co/5jW3JDuxTw',b'RT Tag Crossed 450K Tweets\xf0\x9f\x94\xa5\xf0\x9f\x94\xa5 #28YearsOfBelovedVIJAY #Master',b'RT Follow and Support our sister \xf0\x9f\x94\xa5 Active IDs\xf0\x9f\xa4\x97 __ Follow back\xf0\x9f\xa4\x99 #Master #28YearsOfBelovedVIJAY htt\xe2\x80\xa6',b'RT Don\xe2\x80\x99t type the tag Just copy &amp paste from our pinned tweet \xf0\x9f\x91\x8d #28YearsOfBelovedVIJAY #Master',b'RT Here\xe2\x80\x99s the much awaited CDP for #28YearsOfBelovedVIJAY The celebrations have just began \xf0\x9f\x98\x89 Design by #\xe2\x80\xa6',b'RT __Memes Smashing Common DP From Brother \xf0\x9f\x94\xa5 #28YearsOfBelovedVIJAY #Master https://t.co/UIQOWBr1Xn',b'RT very Important\xf0\x9f\x98\x87\xf0\x9f\xa4\x9f #28YearsOfBelovedVIJAY #Master',b'RT __Memes Smashing Common DP From Brother \xf0\x9f\x94\xa5 #28YearsOfBelovedVIJAY #Master https://t.co/UIQOWBr1Xn',b'RT Don\xe2\x80\x99t type the tag Just copy &amp paste from our pinned tweet \xf0\x9f\x91\x8d #28YearsOfBelovedVIJAY #Master',b'RT #28YearsOfBelovedVIJAY \xf0\x9f\x94\xa5\xe2\x9d\xa4\xef\xb8\x8f Design by #Master #ThalapathyVijay',b'RT _soul___ Thalapathy film life\xf0\x9f\x92\xa5 \xf0\x9f\x94\xa51984 1988 \xf0\x9f\x91\x89 child artist\xf0\x9f\x91\xa6\xf0\x9f\x8f\xbb \xf0\x9f\x94\xa51992 1996 \xf0\x9f\x91\x89 introduction\xf0\x9f\xa5\xb0 \xf0\x9f\x94\xa51996 2003\xf0\x9f\x91\x89 Turning point\xf0\x9f\xa4\xa9 \xf0\x9f\x94\xa520\xe2\x80\xa6'
